artist_name,song_name,genres,cluster
snoop dogg,lay low,Hip Hop; Rap; Black Music,2
snoop dogg,crip ya enthusiasm,Hip Hop; Rap; Black Music,1
snoop dogg,still smokin,Hip Hop; Rap; Black Music,5
snoop dogg,1st we blaze it up,Hip Hop; Rap; Black Music,2
snoop dogg,2 minute warning,Hip Hop; Rap; Black Music,6
snoop dogg,a bitch i knew,Hip Hop; Rap; Black Music,5
snoop dogg,back up off me,Hip Hop; Rap; Black Music,5
snoop dogg,bang out,Hip Hop; Rap; Black Music,1
snoop dogg,beat up on yo pads,Hip Hop; Rap; Black Music,2
snoop dogg,been around tha world,Hip Hop; Rap; Black Music,5
snoop dogg,bitch please,Hip Hop; Rap; Black Music,1
snoop dogg,breathe it in,Hip Hop; Rap; Black Music,6
snoop dogg,bring it on,Hip Hop; Rap; Black Music,5
snoop dogg,can i get a flicc witchu,Hip Hop; Rap; Black Music,2
snoop dogg,catch a vibe,Hip Hop; Rap; Black Music,1
snoop dogg,ceo,Hip Hop; Rap; Black Music,6
snoop dogg,cool,Hip Hop; Rap; Black Music,5
snoop dogg,crazy,Hip Hop; Rap; Black Music,5
snoop dogg,deez hollywood nights,Hip Hop; Rap; Black Music,2
snoop dogg,doggfather,Hip Hop; Rap; Black Music,1
snoop dogg,doggystylin,Hip Hop; Rap; Black Music,1
snoop dogg,focused,Hip Hop; Rap; Black Music,6
snoop dogg,from long beach 2 brick city,Hip Hop; Rap; Black Music,1
snoop dogg,from tha chuuuch to da palace,Hip Hop; Rap; Black Music,6
snoop dogg,g bedtime stories,Hip Hop; Rap; Black Music,5
snoop dogg,gangsta like me,Hip Hop; Rap; Black Music,1
snoop dogg,gin and juice,Hip Hop; Rap; Black Music,5
snoop dogg,girl like u,Hip Hop; Rap; Black Music,5
snoop dogg,go away,Hip Hop; Rap; Black Music,2
snoop dogg,gun smoke,Hip Hop; Rap; Black Music,5
chris brown,with you,Rap; Hip Hop; Pop,1
chris brown,say goodbye,Rap; Hip Hop; Pop,5
chris brown,under the influence,Rap; Hip Hop; Pop,6
chris brown,hope you do,Rap; Hip Hop; Pop,1
chris brown,indigo,Rap; Hip Hop; Pop,6
chris brown,iffy,Rap; Hip Hop; Pop,1
chris brown,gimme that,Rap; Hip Hop; Pop,6
chris brown,wall to wall,Rap; Hip Hop; Pop,6
chris brown,back to sleep,Rap; Hip Hop; Pop,2
chris brown,2012,Rap; Hip Hop; Pop,1
chris brown,4 years old,Rap; Hip Hop; Pop,0
chris brown,add me in,Rap; Hip Hop; Pop,1
chris brown,all back,Rap; Hip Hop; Pop,6
chris brown,back to love,Rap; Hip Hop; Pop,2
chris brown,bassline,Rap; Hip Hop; Pop,1
chris brown,beg for it,Rap; Hip Hop; Pop,1
chris brown,biggest fan,Rap; Hip Hop; Pop,5
chris brown,body shots,Rap; Hip Hop; Pop,5
chris brown,confidence,Rap; Hip Hop; Pop,5
chris brown,covered in you,Rap; Hip Hop; Pop,6
chris brown,crawl,Rap; Hip Hop; Pop,6
chris brown,damage,Rap; Hip Hop; Pop,5
chris brown,everybody knows,Rap; Hip Hop; Pop,1
chris brown,fallin down,Rap; Hip Hop; Pop,5
chris brown,famous girl,Rap; Hip Hop; Pop,6
chris brown,fine china,Rap; Hip Hop; Pop,5
chris brown,flashbacks,Rap; Hip Hop; Pop,6
chris brown,forever,Rap; Hip Hop; Pop,1
chris brown,get at ya,Rap; Hip Hop; Pop,6
chris brown,gimme whatcha got,Rap; Hip Hop; Pop,1
lil wayne,lollipop,R&B; Black Music; Rap,1
lil wayne,how to love,R&B; Black Music; Rap,6
lil wayne,twist made me,R&B; Black Music; Rap,1
lil wayne,3 peat,R&B; Black Music; Rap,5
lil wayne,500 degreez,R&B; Black Music; Rap,1
lil wayne,a milli,R&B; Black Music; Rap,1
lil wayne,american star,R&B; Black Music; Rap,5
lil wayne,back to you,R&B; Black Music; Rap,5
lil wayne,best rapper alive,R&B; Black Music; Rap,1
lil wayne,bill gates,R&B; Black Music; Rap,5
lil wayne,biznite,R&B; Black Music; Rap,1
lil wayne,bloodline,R&B; Black Music; Rap,5
lil wayne,blunt blowin,R&B; Black Music; Rap,5
lil wayne,bring it back,R&B; Black Music; Rap,5
lil wayne,carter ii,R&B; Black Music; Rap,5
lil wayne,cash money millionaires,R&B; Black Music; Rap,1
lil wayne,comfortable,R&B; Black Music; Rap,5
lil wayne,da da da,R&B; Black Music; Rap,5
lil wayne,dedicate,R&B; Black Music; Rap,2
lil wayne,demon,R&B; Black Music; Rap,5
lil wayne,dontgetit,R&B; Black Music; Rap,5
lil wayne,everything,R&B; Black Music; Rap,1
lil wayne,feel me,R&B; Black Music; Rap,5
lil wayne,fireman,R&B; Black Music; Rap,5
lil wayne,fly in,R&B; Black Music; Rap,5
lil wayne,fly out,R&B; Black Music; Rap,1
lil wayne,gangsta and pimps,R&B; Black Music; Rap,6
lil wayne,gangsta shit,R&B; Black Music; Rap,5
lil wayne,get a life,R&B; Black Music; Rap,1
lil wayne,get down,R&B; Black Music; Rap,5
prince,purple rain,R&B; Black Music; Funk,3
prince,1999,R&B; Black Music; Funk,6
prince,little red corvette,R&B; Black Music; Funk,5
prince,jungle love,R&B; Black Music; Funk,5
prince,7,R&B; Black Music; Funk,1
prince,somewhere here on earth,R&B; Black Music; Funk,5
prince,100 mph,R&B; Black Music; Funk,4
prince,2 nigs united 4 west compton,R&B; Black Music; Funk,3
prince,2045 radical man,R&B; Black Music; Funk,6
prince,3121,R&B; Black Music; Funk,5
prince,4ever,R&B; Black Music; Funk,1
prince,a case of u,R&B; Black Music; Funk,4
prince,a million days,R&B; Black Music; Funk,6
prince,adore,R&B; Black Music; Funk,6
prince,all the midnights in the world,R&B; Black Music; Funk,3
prince,anna stesia,R&B; Black Music; Funk,5
prince,art official cage,R&B; Black Music; Funk,2
prince,avalanche,R&B; Black Music; Funk,4
prince,beautiful strange,R&B; Black Music; Funk,3
prince,black muse,R&B; Black Music; Funk,6
prince,black sweat,R&B; Black Music; Funk,3
prince,born 2 die,R&B; Black Music; Funk,6
prince,breakdown,R&B; Black Music; Funk,6
prince,breakfast can wait,R&B; Black Music; Funk,5
prince,call my name,R&B; Black Music; Funk,5
prince,chelsea rodgers,R&B; Black Music; Funk,1
prince,cinnamon girl,R&B; Black Music; Funk,4
prince,clouds,R&B; Black Music; Funk,6
prince,controversy,R&B; Black Music; Funk,5
prince,cream,R&B; Black Music; Funk,5
elvis presley,suspicious minds,Rockabilly; Romântico; Rock,1
elvis presley,always on my mind,Rockabilly; Romântico; Rock,3
elvis presley,love me tender,Rockabilly; Romântico; Rock,3
elvis presley,my way,Rockabilly; Romântico; Rock,1
elvis presley,bridge over troubled water,Rockabilly; Romântico; Rock,3
elvis presley,unchained melody,Rockabilly; Romântico; Rock,4
elvis presley,amazing grace,Rockabilly; Romântico; Rock,4
elvis presley,jailhouse rock,Rockabilly; Romântico; Rock,1
elvis presley,burning love,Rockabilly; Romântico; Rock,5
elvis presley,kiss me quick,Rockabilly; Romântico; Rock,3
elvis presley,if i can dream,Rockabilly; Romântico; Rock,3
elvis presley,the wonder of you,Rockabilly; Romântico; Rock,4
elvis presley,and i love you so,Rockabilly; Romântico; Rock,3
elvis presley,blue suede shoes,Rockabilly; Romântico; Rock,4
elvis presley,a little less conversation,Rockabilly; Romântico; Rock,5
elvis presley,a hundred years from now,Rockabilly; Romântico; Rock,4
elvis presley,a mess of blues,Rockabilly; Romântico; Rock,3
elvis presley,a thing called love,Rockabilly; Romântico; Rock,4
elvis presley,all shook up,Rockabilly; Romântico; Rock,4
elvis presley,all that i am,Rockabilly; Romântico; Rock,4
elvis presley,an american trilogy,Rockabilly; Romântico; Rock,4
elvis presley,an evening prayer,Rockabilly; Romântico; Rock,4
elvis presley,any day now,Rockabilly; Romântico; Rock,4
elvis presley,are you lonesome tonight,Rockabilly; Romântico; Rock,2
elvis presley,baby lets play house,Rockabilly; Romântico; Rock,6
elvis presley,baby what you want me to do,Rockabilly; Romântico; Rock,4
elvis presley,blue christmas,Rockabilly; Romântico; Rock,3
elvis presley,blue hawaii,Rockabilly; Romântico; Rock,4
elvis presley,blue moon of kentucky,Rockabilly; Romântico; Rock,4
elvis presley,bosom of abraham,Rockabilly; Romântico; Rock,4
john mayer,gravity,Romântico; Blues; Pop/Rock,4
john mayer,slow dancing in a burning room,Romântico; Blues; Pop/Rock,6
john mayer,xo,Romântico; Blues; Pop/Rock,6
john mayer,heartbreak warfare,Romântico; Blues; Pop/Rock,2
john mayer,your body is a wonderland,Romântico; Blues; Pop/Rock,5
john mayer,daughters,Romântico; Blues; Pop/Rock,5
john mayer,waiting on the world to change,Romântico; Blues; Pop/Rock,6
john mayer,3x5,Romântico; Blues; Pop/Rock,5
john mayer,half of my heart,Romântico; Blues; Pop/Rock,5
john mayer,last train home,Romântico; Blues; Pop/Rock,2
john mayer,neon,Romântico; Blues; Pop/Rock,1
john mayer,my stupid mouth,Romântico; Blues; Pop/Rock,1
john mayer,belief,Romântico; Blues; Pop/Rock,6
john mayer,who says,Romântico; Blues; Pop/Rock,5
john mayer,carry me away,Romântico; Blues; Pop/Rock,3
john mayer,stop this train,Romântico; Blues; Pop/Rock,5
john mayer,no such thing,Romântico; Blues; Pop/Rock,5
john mayer,in your atmosphere,Romântico; Blues; Pop/Rock,1
john mayer,the heart of life,Romântico; Blues; Pop/Rock,3
john mayer,83,Romântico; Blues; Pop/Rock,5
john mayer,a face to call home,Romântico; Blues; Pop/Rock,2
john mayer,all i want is to be with you,Romântico; Blues; Pop/Rock,3
john mayer,all we ever do is say goodbye,Romântico; Blues; Pop/Rock,3
john mayer,another kind of green,Romântico; Blues; Pop/Rock,2
john mayer,assassin,Romântico; Blues; Pop/Rock,5
john mayer,back to you,Romântico; Blues; Pop/Rock,3
john mayer,badge and gun,Romântico; Blues; Pop/Rock,6
john mayer,bold as love,Romântico; Blues; Pop/Rock,4
john mayer,born and raised,Romântico; Blues; Pop/Rock,0
john mayer,call me the breeze,Romântico; Blues; Pop/Rock,3
michael bublé,home,Romântico; Jazz; Blues,5
michael bublé,everything,Romântico; Jazz; Blues,6
michael bublé,feeling good,Romântico; Jazz; Blues,3
michael bublé,my valentine,Romântico; Jazz; Blues,3
michael bublé,sway,Romântico; Jazz; Blues,1
michael bublé,close your eyes,Romântico; Jazz; Blues,5
michael bublé,when i fall in love,Romântico; Jazz; Blues,3
michael bublé,save the last dance for me,Romântico; Jazz; Blues,1
michael bublé,i only have eyes for you,Romântico; Jazz; Blues,3
michael bublé,lost,Romântico; Jazz; Blues,1
michael bublé,the way you look tonight,Romântico; Jazz; Blues,4
michael bublé,love you anymore,Romântico; Jazz; Blues,5
michael bublé,my funny valentine,Romântico; Jazz; Blues,4
michael bublé,all i do is dream of you,Romântico; Jazz; Blues,3
michael bublé,all i want for christmas is you,Romântico; Jazz; Blues,1
michael bublé,all of me,Romântico; Jazz; Blues,3
michael bublé,always on my mind,Romântico; Jazz; Blues,3
michael bublé,anyone to love,Romântico; Jazz; Blues,3
michael bublé,at this moment,Romântico; Jazz; Blues,6
michael bublé,best of me,Romântico; Jazz; Blues,1
michael bublé,blue christmas,Romântico; Jazz; Blues,4
michael bublé,call me irresponsible,Romântico; Jazz; Blues,4
michael bublé,cold december night,Romântico; Jazz; Blues,2
michael bublé,come dance with me,Romântico; Jazz; Blues,5
michael bublé,come fly with me,Romântico; Jazz; Blues,3
michael bublé,crazy little thing called love,Romântico; Jazz; Blues,5
michael bublé,crazy love,Romântico; Jazz; Blues,5
michael bublé,cry me a river,Romântico; Jazz; Blues,5
michael bublé,down with love,Romântico; Jazz; Blues,3
michael bublé,end of may,Romântico; Jazz; Blues,1
eric clapton,tears in heaven,Rock; Blues,4
eric clapton,wonderful tonight,Rock; Blues,4
eric clapton,layla,Rock; Blues,3
eric clapton,change the world,Rock; Blues,3
eric clapton,cocaine,Rock; Blues,4
eric clapton,this has gotta stop,Rock; Blues,5
eric clapton,i shot the sheriff,Rock; Blues,5
eric clapton,love comes to everyone,Rock; Blues,3
eric clapton,river of tears,Rock; Blues,6
eric clapton,holy mother,Rock; Blues,4
eric clapton,stand and deliver,Rock; Blues,5
eric clapton,double trouble,Rock; Blues,4
eric clapton,hoochie coochie man,Rock; Blues,3
eric clapton,promises,Rock; Blues,5
eric clapton,christmas tears,Rock; Blues,3
eric clapton,little queen of spades,Rock; Blues,3
eric clapton,after midnight,Rock; Blues,4
eric clapton,alabama woman blues,Rock; Blues,3
eric clapton,autumn leaves,Rock; Blues,3
eric clapton,back home,Rock; Blues,3
eric clapton,bad boy,Rock; Blues,3
eric clapton,badge,Rock; Blues,3
eric clapton,believe in life,Rock; Blues,1
eric clapton,bell bottom blues,Rock; Blues,2
eric clapton,born to lose,Rock; Blues,4
eric clapton,born under a bad sign,Rock; Blues,4
eric clapton,broken down,Rock; Blues,1
eric clapton,call me the breeze,Rock; Blues,3
eric clapton,catch the blues,Rock; Blues,3
eric clapton,come back baby,Rock; Blues,3
bob dylan,like a rolling stone,Folk; Rock; Country,1
bob dylan,hurricane,Folk; Rock; Country,6
bob dylan,lay lady lay,Folk; Rock; Country,4
bob dylan,masters of war,Folk; Rock; Country,5
bob dylan,forever young,Folk; Rock; Country,4
bob dylan,all along the watchtower,Folk; Rock; Country,3
bob dylan,jokerman,Folk; Rock; Country,5
bob dylan,make you feel my love,Folk; Rock; Country,3
bob dylan,mother of muses,Folk; Rock; Country,1
bob dylan,beyond the horizon,Folk; Rock; Country,6
bob dylan,black rider,Folk; Rock; Country,6
bob dylan,born in time,Folk; Rock; Country,5
bob dylan,buckets of rain,Folk; Rock; Country,4
bob dylan,bye and bye,Folk; Rock; Country,0
bob dylan,cocaine blues,Folk; Rock; Country,4
bob dylan,cold irons bound,Folk; Rock; Country,5
bob dylan,crossing the rubicon,Folk; Rock; Country,5
bob dylan,diamond joe,Folk; Rock; Country,0
bob dylan,dignity,Folk; Rock; Country,6
bob dylan,dirt road blues,Folk; Rock; Country,3
bob dylan,duquesne whistle,Folk; Rock; Country,6
bob dylan,early roman kings,Folk; Rock; Country,3
bob dylan,everything is broken,Folk; Rock; Country,4
bob dylan,false prophet,Folk; Rock; Country,6
bob dylan,forgetful heart,Folk; Rock; Country,4
bob dylan,full moon and empty arms,Folk; Rock; Country,3
bob dylan,girl from the north country,Folk; Rock; Country,4
bob dylan,god knows,Folk; Rock; Country,2
bob dylan,gonna change my way of thinking,Folk; Rock; Country,5
bob dylan,goodbye jimmy reed,Folk; Rock; Country,5
the black keys,little black submarines,Rock Alternativo; Indie; Rock,4
the black keys,lonely boy,Rock Alternativo; Indie; Rock,3
the black keys,poor boy a long way from home,Rock Alternativo; Indie; Rock,3
the black keys,tighten up,Rock Alternativo; Indie; Rock,3
the black keys,your touch,Rock Alternativo; Indie; Rock,3
the black keys,weight of love,Rock Alternativo; Indie; Rock,3
the black keys,come on and go with me,Rock Alternativo; Indie; Rock,3
the black keys,next girl,Rock Alternativo; Indie; Rock,3
the black keys,run right back,Rock Alternativo; Indie; Rock,4
the black keys,walk with me,Rock Alternativo; Indie; Rock,4
the black keys,dead and gone,Rock Alternativo; Indie; Rock,1
the black keys,sister,Rock Alternativo; Indie; Rock,4
the black keys,never gonna give you up,Rock Alternativo; Indie; Rock,5
the black keys,gold on the ceiling,Rock Alternativo; Indie; Rock,3
the black keys,heavy soul,Rock Alternativo; Indie; Rock,3
the black keys,coal black mattie,Rock Alternativo; Indie; Rock,3
the black keys,louise,Rock Alternativo; Indie; Rock,3
the black keys,bullet in the brain,Rock Alternativo; Indie; Rock,3
the black keys,keep me,Rock Alternativo; Indie; Rock,4
the black keys,10 lovers,Rock Alternativo; Indie; Rock,3
the black keys,act nice and gentle,Rock Alternativo; Indie; Rock,3
the black keys,aeroplane blues,Rock Alternativo; Indie; Rock,3
the black keys,all hands against his own,Rock Alternativo; Indie; Rock,4
the black keys,all you ever wanted,Rock Alternativo; Indie; Rock,3
the black keys,black door,Rock Alternativo; Indie; Rock,4
the black keys,breaking down,Rock Alternativo; Indie; Rock,3
the black keys,brooklyn bound,Rock Alternativo; Indie; Rock,4
the black keys,busted,Rock Alternativo; Indie; Rock,4
the black keys,chop and change,Rock Alternativo; Indie; Rock,4
the black keys,countdown,Rock Alternativo; Indie; Rock,4
epica,rivers,Gótico; Heavy Metal; Rock,6
epica,unleashed,Gótico; Heavy Metal; Rock,1
epica,cry for the moon,Gótico; Heavy Metal; Rock,5
epica,our destiny,Gótico; Heavy Metal; Rock,5
epica,the phantom agony,Gótico; Heavy Metal; Rock,1
epica,martyr of the free word,Gótico; Heavy Metal; Rock,5
epica,the skeleton key,Gótico; Heavy Metal; Rock,6
epica,code of life,Gótico; Heavy Metal; Rock,6
epica,illusive consensus,Gótico; Heavy Metal; Rock,4
epica,the divine conspiracy,Gótico; Heavy Metal; Rock,1
epica,consign to oblivion,Gótico; Heavy Metal; Rock,5
epica,twin flames,Gótico; Heavy Metal; Rock,3
epica,unchain utopia,Gótico; Heavy Metal; Rock,2
epica,living a lie,Gótico; Heavy Metal; Rock,5
epica,the last crusade,Gótico; Heavy Metal; Rock,4
epica,run for a fall,Gótico; Heavy Metal; Rock,6
epica,seal of solomon,Gótico; Heavy Metal; Rock,1
epica,a phantasmic parade,Gótico; Heavy Metal; Rock,1
epica,architect of light,Gótico; Heavy Metal; Rock,5
epica,avalanche,Gótico; Heavy Metal; Rock,5
epica,beyond belief,Gótico; Heavy Metal; Rock,5
epica,beyond the matrix,Gótico; Heavy Metal; Rock,1
epica,blank infinity,Gótico; Heavy Metal; Rock,5
epica,burn to a cinder,Gótico; Heavy Metal; Rock,5
epica,canvas of life,Gótico; Heavy Metal; Rock,5
epica,chasing the dragon,Gótico; Heavy Metal; Rock,5
epica,chemical insomnia,Gótico; Heavy Metal; Rock,2
epica,crimson bow and arrow,Gótico; Heavy Metal; Rock,2
epica,crystal mountain,Gótico; Heavy Metal; Rock,4
epica,dance of fate,Gótico; Heavy Metal; Rock,5
taylor swift,lover,Pop; Romântico; Pop/Rock,1
taylor swift,blank space,Pop; Romântico; Pop/Rock,2
taylor swift,cardigan,Pop; Romântico; Pop/Rock,2
taylor swift,shake it off,Pop; Romântico; Pop/Rock,6
taylor swift,all too well,Pop; Romântico; Pop/Rock,2
taylor swift,the 1,Pop; Romântico; Pop/Rock,5
taylor swift,wildest dreams,Pop; Romântico; Pop/Rock,6
taylor swift,love story,Pop; Romântico; Pop/Rock,5
taylor swift,red,Pop; Romântico; Pop/Rock,5
taylor swift,august,Pop; Romântico; Pop/Rock,2
taylor swift,this is me trying,Pop; Romântico; Pop/Rock,5
taylor swift,paper rings,Pop; Romântico; Pop/Rock,1
taylor swift,mirrorball,Pop; Romântico; Pop/Rock,2
taylor swift,my tears ricochet,Pop; Romântico; Pop/Rock,2
taylor swift,the last great american dynasty,Pop; Romântico; Pop/Rock,6
taylor swift,style,Pop; Romântico; Pop/Rock,5
taylor swift,look what you made me do,Pop; Romântico; Pop/Rock,5
taylor swift,champagne problems,Pop; Romântico; Pop/Rock,1
taylor swift,the story of us,Pop; Romântico; Pop/Rock,2
taylor swift,22,Pop; Romântico; Pop/Rock,5
taylor swift,a perfectly good heart,Pop; Romântico; Pop/Rock,5
taylor swift,a place in this world,Pop; Romântico; Pop/Rock,5
taylor swift,afterglow,Pop; Romântico; Pop/Rock,6
taylor swift,all you had to do was stay,Pop; Romântico; Pop/Rock,1
taylor swift,back to december,Pop; Romântico; Pop/Rock,2
taylor swift,bad blood,Pop; Romântico; Pop/Rock,1
taylor swift,begin again,Pop; Romântico; Pop/Rock,6
taylor swift,bette davis eyes,Pop; Romântico; Pop/Rock,4
taylor swift,better than revenge,Pop; Romântico; Pop/Rock,1
taylor swift,betty,Pop; Romântico; Pop/Rock,5
johnny cash,you are my sunshine,Folk; Country; Rock,3
johnny cash,hurt,Folk; Country; Rock,3
johnny cash,ghost riders in the sky,Folk; Country; Rock,2
johnny cash,folsom prison blues,Folk; Country; Rock,3
johnny cash,jackson,Folk; Country; Rock,5
johnny cash,one,Folk; Country; Rock,5
johnny cash,solitary man,Folk; Country; Rock,4
johnny cash,father and son,Folk; Country; Rock,1
johnny cash,heart of gold,Folk; Country; Rock,3
johnny cash,danny boy,Folk; Country; Rock,3
johnny cash,i walk the line,Folk; Country; Rock,3
johnny cash,sam hall,Folk; Country; Rock,5
johnny cash,in my life,Folk; Country; Rock,4
johnny cash,ring of fire,Folk; Country; Rock,3
johnny cash,a boy named sue,Folk; Country; Rock,1
johnny cash,a legend in my time,Folk; Country; Rock,4
johnny cash,all over again,Folk; Country; Rock,4
johnny cash,aloha oe,Folk; Country; Rock,1
johnny cash,ballad of a teenage queen,Folk; Country; Rock,1
johnny cash,banks of the ohio,Folk; Country; Rock,4
johnny cash,before my time,Folk; Country; Rock,1
johnny cash,big river,Folk; Country; Rock,2
johnny cash,bird on a wire,Folk; Country; Rock,3
johnny cash,cindy,Folk; Country; Rock,6
johnny cash,cocaine blues,Folk; Country; Rock,1
johnny cash,cool water,Folk; Country; Rock,3
johnny cash,country trash,Folk; Country; Rock,6
johnny cash,daddy sang bass,Folk; Country; Rock,5
johnny cash,desperado,Folk; Country; Rock,1
johnny cash,field of diamonds,Folk; Country; Rock,4
alan jackson,chattahoochee,Country,1
alan jackson,little bitty,Country,5
alan jackson,remember when,Country,3
alan jackson,good time,Country,5
alan jackson,what a friend we have in jesus,Country,3
alan jackson,back,Country,1
alan jackson,country boy,Country,5
alan jackson,the sounds,Country,1
alan jackson,blessed assurance,Country,4
alan jackson,i love to tell the story,Country,3
alan jackson,the older i get,Country,1
alan jackson,right on the money,Country,2
alan jackson,hard hat and a hammer,Country,1
alan jackson,are you washed in the blood,Country,3
alan jackson,1976,Country,1
alan jackson,a little bluer than that,Country,1
alan jackson,a love like that,Country,1
alan jackson,a million ways to die,Country,6
alan jackson,after 17,Country,1
alan jackson,away in a manger,Country,4
alan jackson,between the devil and me,Country,5
alan jackson,big green eyes,Country,3
alan jackson,blacktop,Country,3
alan jackson,blue ridge mountain song,Country,2
alan jackson,bring on the night,Country,3
alan jackson,buicks to the moon,Country,3
alan jackson,dallas,Country,3
alan jackson,every now and then,Country,3
alan jackson,everything but the wings,Country,5
alan jackson,everything i love,Country,4
willie nelson,always on my mind,Country,3
willie nelson,on the road again,Country,6
willie nelson,something you get through,Country,3
willie nelson,heaven is closed,Country,1
willie nelson,blue eyes crying in the rain,Country,3
willie nelson,crazy,Country,3
willie nelson,big booty,Country,6
willie nelson,we are the cowboys,Country,2
willie nelson,why me,Country,4
willie nelson,a horse called music,Country,6
willie nelson,across the borderline,Country,4
willie nelson,all things must pass,Country,4
willie nelson,always now,Country,4
willie nelson,amazing grace,Country,4
willie nelson,angel eyes,Country,4
willie nelson,angel flying too close to the ground,Country,4
willie nelson,are you sure,Country,4
willie nelson,away in a manger,Country,4
willie nelson,back to earth,Country,3
willie nelson,basin street blues,Country,3
willie nelson,be that as it may,Country,1
willie nelson,be there for you,Country,5
willie nelson,because of you,Country,3
willie nelson,blackjack county chain,Country,3
willie nelson,blue hotel,Country,3
willie nelson,blue skies,Country,4
willie nelson,border song,Country,4
willie nelson,bright lights big city,Country,3
willie nelson,bubbles in my beer,Country,0
willie nelson,caldonia,Country,4
rascal flatts,what hurts the most,Country,5
rascal flatts,life is a highway,Country,1
rascal flatts,back to life,Country,6
rascal flatts,a little home,Country,1
rascal flatts,all night to get there,Country,5
rascal flatts,back to us,Country,5
rascal flatts,backwards,Country,1
rascal flatts,banjo,Country,6
rascal flatts,better now,Country,6
rascal flatts,bless the broken road,Country,1
rascal flatts,bob that head,Country,1
rascal flatts,break away,Country,4
rascal flatts,changed,Country,1
rascal flatts,close,Country,5
rascal flatts,come wake me up,Country,1
rascal flatts,cool thing,Country,3
rascal flatts,dj tonight,Country,1
rascal flatts,dry county girl,Country,4
rascal flatts,ellsworth,Country,5
rascal flatts,every day,Country,3
rascal flatts,fast cars and freedom,Country,1
rascal flatts,feels like today,Country,2
rascal flatts,forever,Country,5
rascal flatts,friday,Country,5
rascal flatts,from time to time,Country,6
rascal flatts,help me remember,Country,3
rascal flatts,here,Country,6
rascal flatts,here comes goodbye,Country,5
rascal flatts,holes,Country,4
rascal flatts,hot in here,Country,5
george strait,amarillo by morning,Country,4
george strait,you look so good in love,Country,3
george strait,i can still make cheyenne,Country,1
george strait,if heartaches were horses,Country,3
george strait,heartland,Country,3
george strait,famous last words of a fool,Country,3
george strait,a better rain,Country,1
george strait,ace in the hole,Country,3
george strait,adalida,Country,3
george strait,arkansas dave,Country,5
george strait,as far as it goes,Country,0
george strait,baby blue,Country,4
george strait,beautiful day for goodbye,Country,3
george strait,blue clear sky,Country,3
george strait,blue marlin blues,Country,3
george strait,brothers of the highway,Country,3
george strait,by the light of a burning bridge,Country,4
george strait,carried away,Country,6
george strait,carrying your love with me,Country,3
george strait,christmas cookies,Country,1
george strait,codigo,Country,5
george strait,come on joe,Country,2
george strait,cowboys like us,Country,5
george strait,deck the halls,Country,4
george strait,designated drinker,Country,3
george strait,desperately,Country,1
george strait,does fort worth ever cross your mind,Country,3
george strait,drinking champagne,Country,4
george strait,easy as you go,Country,1
george strait,every little honky tonk bar,Country,1
kenny chesney,summertime,Country,6
kenny chesney,get along,Country,2
kenny chesney,knowing you,Country,6
kenny chesney,when the sun goes down,Country,4
kenny chesney,somewhere with you,Country,1
kenny chesney,happy does,Country,5
kenny chesney,song for the saints,Country,5
kenny chesney,live a little,Country,6
kenny chesney,when i close my eyes,Country,4
kenny chesney,big star,Country,5
kenny chesney,a lot of things different,Country,2
kenny chesney,all i need to know,Country,0
kenny chesney,all i want for christmas is a real good tan,Country,1
kenny chesney,all the pretty girls,Country,5
kenny chesney,always gonna be you,Country,1
kenny chesney,anything but mine,Country,1
kenny chesney,back where i come from,Country,5
kenny chesney,bar at the end of the world,Country,5
kenny chesney,be as you are,Country,1
kenny chesney,beautiful world,Country,5
kenny chesney,because of your love,Country,5
kenny chesney,beer in mexico,Country,1
kenny chesney,better as a memory,Country,1
kenny chesney,boston,Country,5
kenny chesney,christmas in dixie,Country,3
kenny chesney,come over,Country,1
kenny chesney,da ruba girl,Country,3
kenny chesney,demons,Country,5
kenny chesney,down the road,Country,4
kenny chesney,dreams,Country,4
miranda lambert,bad boy,Country,5
miranda lambert,to learn her,Country,3
miranda lambert,white trash,Country,1
miranda lambert,girls,Country,5
miranda lambert,only prettier,Country,6
miranda lambert,holy water,Country,6
miranda lambert,dark bars,Country,1
miranda lambert,automatic,Country,5
miranda lambert,time to get a gun,Country,1
miranda lambert,it all comes out in the wash,Country,5
miranda lambert,if i was a cowboy,Country,1
miranda lambert,love is looking for you,Country,3
miranda lambert,virginia bluebell,Country,5
miranda lambert,airstream song,Country,3
miranda lambert,me and your cigarettes,Country,4
miranda lambert,safe,Country,5
miranda lambert,fine tune,Country,1
miranda lambert,all kinds of kinds,Country,5
miranda lambert,fastest girl in town,Country,5
miranda lambert,another sunday in the south,Country,2
miranda lambert,baggage claim,Country,5
miranda lambert,bathroom sink,Country,6
miranda lambert,better in the long run,Country,1
miranda lambert,bluebird,Country,5
miranda lambert,bring me down,Country,2
miranda lambert,covered wagon,Country,5
miranda lambert,dead flowers,Country,5
miranda lambert,dear diamond,Country,4
miranda lambert,dear old sun,Country,4
miranda lambert,desperation,Country,5
one direction,what makes you beautiful,Pop/Rock; Pop; Romântico,5
one direction,18,Pop/Rock; Pop; Romântico,1
one direction,story of my life,Pop/Rock; Pop; Romântico,5
one direction,little things,Pop/Rock; Pop; Romântico,1
one direction,steal my girl,Pop/Rock; Pop; Romântico,2
one direction,perfect,Pop/Rock; Pop; Romântico,6
one direction,night changes,Pop/Rock; Pop; Romântico,6
one direction,drag me down,Pop/Rock; Pop; Romântico,1
one direction,history,Pop/Rock; Pop; Romântico,5
one direction,if i could fly,Pop/Rock; Pop; Romântico,1
one direction,moments,Pop/Rock; Pop; Romântico,2
one direction,one thing,Pop/Rock; Pop; Romântico,1
one direction,where do broken hearts go,Pop/Rock; Pop; Romântico,5
one direction,midnight memories,Pop/Rock; Pop; Romântico,5
one direction,right now,Pop/Rock; Pop; Romântico,2
one direction,happily,Pop/Rock; Pop; Romântico,1
one direction,kiss you,Pop/Rock; Pop; Romântico,5
one direction,end of the day,Pop/Rock; Pop; Romântico,5
one direction,ready to run,Pop/Rock; Pop; Romântico,2
one direction,no control,Pop/Rock; Pop; Romântico,2
one direction,best song ever,Pop/Rock; Pop; Romântico,1
one direction,act my age,Pop/Rock; Pop; Romântico,5
one direction,alive,Pop/Rock; Pop; Romântico,5
one direction,another world,Pop/Rock; Pop; Romântico,2
one direction,back for you,Pop/Rock; Pop; Romântico,1
one direction,better than words,Pop/Rock; Pop; Romântico,1
one direction,change my mind,Pop/Rock; Pop; Romântico,5
one direction,change your ticket,Pop/Rock; Pop; Romântico,1
one direction,clouds,Pop/Rock; Pop; Romântico,5
one direction,diana,Pop/Rock; Pop; Romântico,1
björk,stonemilker,Indie; Electronica; Chillout,4
björk,venus as a boy,Indie; Electronica; Chillout,4
björk,pagan poetry,Indie; Electronica; Chillout,3
björk,human behaviour,Indie; Electronica; Chillout,4
björk,all is full of love,Indie; Electronica; Chillout,4
björk,big time sensuality,Indie; Electronica; Chillout,4
björk,crystalline,Indie; Electronica; Chillout,3
björk,hidden place,Indie; Electronica; Chillout,5
björk,aurora,Indie; Electronica; Chillout,3
björk,army of me,Indie; Electronica; Chillout,4
björk,oceania,Indie; Electronica; Chillout,4
björk,the modern things,Indie; Electronica; Chillout,3
björk,crying,Indie; Electronica; Chillout,3
björk,utopia,Indie; Electronica; Chillout,4
björk,features creatures,Indie; Electronica; Chillout,3
björk,triumph of a heart,Indie; Electronica; Chillout,3
björk,possibly maybe,Indie; Electronica; Chillout,3
björk,unison,Indie; Electronica; Chillout,4
björk,5 years,Indie; Electronica; Chillout,3
björk,aeroplane,Indie; Electronica; Chillout,3
björk,all neon like,Indie; Electronica; Chillout,4
björk,an echo a stain,Indie; Electronica; Chillout,4
björk,ancestors,Indie; Electronica; Chillout,4
björk,arisen my senses,Indie; Electronica; Chillout,3
björk,atom dance,Indie; Electronica; Chillout,4
björk,bachelorette,Indie; Electronica; Chillout,0
björk,black lake,Indie; Electronica; Chillout,3
björk,blissing me,Indie; Electronica; Chillout,3
björk,body memory,Indie; Electronica; Chillout,1
björk,cetacea,Indie; Electronica; Chillout,4
the used,kenna song,Emocore; Rock; Hardcore,3
the used,empty with you,Emocore; Rock; Hardcore,5
the used,pieces mended,Emocore; Rock; Hardcore,5
the used,slit your own throat,Emocore; Rock; Hardcore,5
the used,cut up angels,Emocore; Rock; Hardcore,1
the used,take it away,Emocore; Rock; Hardcore,1
the used,funeral post,Emocore; Rock; Hardcore,5
the used,a box full of sharp objects,Emocore; Rock; Hardcore,5
the used,alone this holiday,Emocore; Rock; Hardcore,4
the used,blood meridian,Emocore; Rock; Hardcore,4
the used,blood on my hands,Emocore; Rock; Hardcore,3
the used,bloody nose,Emocore; Rock; Hardcore,2
the used,blow me,Emocore; Rock; Hardcore,1
the used,blue and yellow,Emocore; Rock; Hardcore,1
the used,born to quit,Emocore; Rock; Hardcore,5
the used,broken windows,Emocore; Rock; Hardcore,1
the used,bulimic,Emocore; Rock; Hardcore,3
the used,buried myself alive,Emocore; Rock; Hardcore,2
the used,burning down the house,Emocore; Rock; Hardcore,3
the used,cathedral bell,Emocore; Rock; Hardcore,2
the used,choke me,Emocore; Rock; Hardcore,3
the used,cold war telescreen,Emocore; Rock; Hardcore,5
the used,come undone,Emocore; Rock; Hardcore,5
the used,cry,Emocore; Rock; Hardcore,2
the used,dark days,Emocore; Rock; Hardcore,2
the used,devil beside you,Emocore; Rock; Hardcore,1
the used,disaster,Emocore; Rock; Hardcore,1
the used,earthquake,Emocore; Rock; Hardcore,2
the used,evolution,Emocore; Rock; Hardcore,4
the used,find a way,Emocore; Rock; Hardcore,3
afi,miss murder,Emocore; Punk Rock; Hardcore,5
afi,dulcería,Emocore; Punk Rock; Hardcore,3
afi,trash bat,Emocore; Punk Rock; Hardcore,3
afi,twisted tongues,Emocore; Punk Rock; Hardcore,3
afi,far too near,Emocore; Punk Rock; Hardcore,4
afi,back from the flesh,Emocore; Punk Rock; Hardcore,4
afi,the days of the phoenix,Emocore; Punk Rock; Hardcore,5
afi,escape from los angeles,Emocore; Punk Rock; Hardcore,3
afi,wild,Emocore; Punk Rock; Hardcore,4
afi,looking tragic,Emocore; Punk Rock; Hardcore,4
afi,100 words,Emocore; Punk Rock; Hardcore,1
afi,17 crimes,Emocore; Punk Rock; Hardcore,4
afi,37mm,Emocore; Punk Rock; Hardcore,2
afi,6 to 8,Emocore; Punk Rock; Hardcore,4
afi,a deep slow panic,Emocore; Punk Rock; Hardcore,6
afi,a single second,Emocore; Punk Rock; Hardcore,1
afi,a story at three,Emocore; Punk Rock; Hardcore,3
afi,above the bridge,Emocore; Punk Rock; Hardcore,3
afi,affliction,Emocore; Punk Rock; Hardcore,4
afi,anxious,Emocore; Punk Rock; Hardcore,5
afi,aurelia,Emocore; Punk Rock; Hardcore,3
afi,back into the sun,Emocore; Punk Rock; Hardcore,3
afi,beautiful thieves,Emocore; Punk Rock; Hardcore,1
afi,begging for trouble,Emocore; Punk Rock; Hardcore,4
afi,bleed black,Emocore; Punk Rock; Hardcore,3
afi,break angels,Emocore; Punk Rock; Hardcore,6
afi,carcinogen crush,Emocore; Punk Rock; Hardcore,1
afi,catch a hot one,Emocore; Punk Rock; Hardcore,3
afi,cold hands,Emocore; Punk Rock; Hardcore,5
afi,dancing through sunday,Emocore; Punk Rock; Hardcore,5
leonard cohen,hallelujah,Folk,5
leonard cohen,suzanne,Folk,1
leonard cohen,take this waltz,Folk,5
leonard cohen,closing time,Folk,5
leonard cohen,everybody knows,Folk,5
leonard cohen,you want it darker,Folk,6
leonard cohen,dance me to the end of love,Folk,6
leonard cohen,happens to the heart,Folk,5
leonard cohen,waiting for the miracle,Folk,5
leonard cohen,love itself,Folk,3
leonard cohen,nevermind,Folk,5
leonard cohen,going home,Folk,5
leonard cohen,anthem,Folk,2
leonard cohen,it seemed the better way,Folk,3
leonard cohen,moving on,Folk,3
leonard cohen,first we take manhattan,Folk,5
leonard cohen,a street,Folk,5
leonard cohen,a thousand kisses deep,Folk,3
leonard cohen,alexandra leaving,Folk,5
leonard cohen,almost like the blues,Folk,0
leonard cohen,amen,Folk,1
leonard cohen,anyhow,Folk,3
leonard cohen,avalanche,Folk,5
leonard cohen,banjo,Folk,4
leonard cohen,because of,Folk,3
leonard cohen,bird on the wire,Folk,3
leonard cohen,boogie street,Folk,3
leonard cohen,born in chains,Folk,5
leonard cohen,by the rivers dark,Folk,6
leonard cohen,choices,Folk,0
sufjan stevens,mystery of love,Indie; Folk,0
sufjan stevens,to be alone with you,Indie; Folk,3
sufjan stevens,fourth of july,Indie; Folk,5
sufjan stevens,all of me wants all of you,Indie; Folk,4
sufjan stevens,a good man is hard to find,Indie; Folk,4
sufjan stevens,a winner needs a wand,Indie; Folk,1
sufjan stevens,abraham,Indie; Folk,4
sufjan stevens,adlai stevenson,Indie; Folk,4
sufjan stevens,age of adz,Indie; Folk,5
sufjan stevens,all the trees of the field will clap their hands,Indie; Folk,3
sufjan stevens,away in a manger,Indie; Folk,4
sufjan stevens,blue bucket of gold,Indie; Folk,4
sufjan stevens,carlyle lake,Indie; Folk,4
sufjan stevens,casimir pulaski day,Indie; Folk,6
sufjan stevens,chicago,Indie; Folk,5
sufjan stevens,christmas in july,Indie; Folk,6
sufjan stevens,christmas in the room,Indie; Folk,2
sufjan stevens,city of roses,Indie; Folk,4
sufjan stevens,come thou fount of every blessing,Indie; Folk,3
sufjan stevens,death star,Indie; Folk,3
sufjan stevens,death with dignity,Indie; Folk,6
sufjan stevens,demetrius,Indie; Folk,4
sufjan stevens,drawn to the blood,Indie; Folk,3
sufjan stevens,dumb i sound,Indie; Folk,4
sufjan stevens,eugene,Indie; Folk,5
sufjan stevens,exploding whale,Indie; Folk,5
sufjan stevens,futile devices,Indie; Folk,3
sufjan stevens,gilgamesh,Indie; Folk,5
sufjan stevens,goodbye to all that,Indie; Folk,3
sufjan stevens,he woke me up again,Indie; Folk,4
van morrison,alabamy bound,Rock; Soul Music; Folk,3
van morrison,all work and no play,Rock; Soul Music; Folk,6
van morrison,and the healing has begun,Rock; Soul Music; Folk,1
van morrison,back street affair,Rock; Soul Music; Folk,3
van morrison,beside you,Rock; Soul Music; Folk,1
van morrison,big blue diamonds,Rock; Soul Music; Folk,4
van morrison,born to sing,Rock; Soul Music; Folk,4
van morrison,bright side of the road,Rock; Soul Music; Folk,3
van morrison,brown eyed girl,Rock; Soul Music; Folk,5
van morrison,caravan,Rock; Soul Music; Folk,1
van morrison,carry on regardless,Rock; Soul Music; Folk,6
van morrison,carrying a torch,Rock; Soul Music; Folk,3
van morrison,celtic new year,Rock; Soul Music; Folk,1
van morrison,cleaning windows,Rock; Soul Music; Folk,6
van morrison,close enough for jazz,Rock; Soul Music; Folk,4
van morrison,crazy love,Rock; Soul Music; Folk,3
van morrison,days like this,Rock; Soul Music; Folk,1
van morrison,dead or alive,Rock; Soul Music; Folk,5
van morrison,down the road,Rock; Soul Music; Folk,6
van morrison,end of the rainbow,Rock; Soul Music; Folk,2
van morrison,enlightenment,Rock; Soul Music; Folk,1
van morrison,evening in june,Rock; Soul Music; Folk,5
van morrison,evening shadows,Rock; Soul Music; Folk,6
van morrison,fair play,Rock; Soul Music; Folk,1
van morrison,fame,Rock; Soul Music; Folk,5
van morrison,fast train,Rock; Soul Music; Folk,2
van morrison,fire in the belly,Rock; Soul Music; Folk,5
van morrison,georgia on my mind,Rock; Soul Music; Folk,1
van morrison,get on with the show,Rock; Soul Music; Folk,6
van morrison,goldfish bowl,Rock; Soul Music; Folk,1
dropkick murphys,the boys are back,Punk Rock; Folk,6
dropkick murphys,rose tattoo,Punk Rock; Folk,1
dropkick murphys,10 years of service,Punk Rock; Folk,4
dropkick murphys,21 guitar salute,Punk Rock; Folk,3
dropkick murphys,3rd man in,Punk Rock; Folk,4
dropkick murphys,a few good men,Punk Rock; Folk,4
dropkick murphys,alcohol,Punk Rock; Folk,3
dropkick murphys,amazing grace,Punk Rock; Folk,4
dropkick murphys,as one,Punk Rock; Folk,4
dropkick murphys,barroom hero,Punk Rock; Folk,2
dropkick murphys,bastards on parade,Punk Rock; Folk,6
dropkick murphys,black velvet band,Punk Rock; Folk,6
dropkick murphys,boys on the docks,Punk Rock; Folk,6
dropkick murphys,buried alive,Punk Rock; Folk,3
dropkick murphys,burn,Punk Rock; Folk,5
dropkick murphys,caps and bottles,Punk Rock; Folk,3
dropkick murphys,caught in a jar,Punk Rock; Folk,4
dropkick murphys,city by the sea,Punk Rock; Folk,1
dropkick murphys,curse of a fallen soul,Punk Rock; Folk,6
dropkick murphys,denial,Punk Rock; Folk,4
dropkick murphys,do or die,Punk Rock; Folk,3
dropkick murphys,end of the night,Punk Rock; Folk,5
dropkick murphys,fairmount hill,Punk Rock; Folk,1
dropkick murphys,famous for nothing,Punk Rock; Folk,1
dropkick murphys,far away coast,Punk Rock; Folk,4
dropkick murphys,fightstarter karaoke,Punk Rock; Folk,4
dropkick murphys,first class loser,Punk Rock; Folk,1
dropkick murphys,for boston,Punk Rock; Folk,4
dropkick murphys,forever,Punk Rock; Folk,4
dropkick murphys,fortunate son,Punk Rock; Folk,0
my morning jacket,off the record,Indie; Folk; Rock,5
my morning jacket,aluminum park,Indie; Folk; Rock,3
my morning jacket,anytime,Indie; Folk; Rock,3
my morning jacket,at dawn,Indie; Folk; Rock,3
my morning jacket,bermuda highway,Indie; Folk; Rock,3
my morning jacket,big decisions,Indie; Folk; Rock,4
my morning jacket,circuital,Indie; Folk; Rock,4
my morning jacket,climbing the ladder,Indie; Folk; Rock,3
my morning jacket,cobra,Indie; Folk; Rock,6
my morning jacket,come closer,Indie; Folk; Rock,4
my morning jacket,complex,Indie; Folk; Rock,4
my morning jacket,compound fracture,Indie; Folk; Rock,1
my morning jacket,dancefloors,Indie; Folk; Rock,4
my morning jacket,death is my sleezy pay,Indie; Folk; Rock,3
my morning jacket,death is the easy way,Indie; Folk; Rock,3
my morning jacket,dondante,Indie; Folk; Rock,4
my morning jacket,easy morning rebel,Indie; Folk; Rock,3
my morning jacket,el caporal,Indie; Folk; Rock,3
my morning jacket,evelyn is not real,Indie; Folk; Rock,4
my morning jacket,evil urges,Indie; Folk; Rock,1
my morning jacket,feel you,Indie; Folk; Rock,0
my morning jacket,first light,Indie; Folk; Rock,4
my morning jacket,get the point,Indie; Folk; Rock,1
my morning jacket,gideon,Indie; Folk; Rock,4
my morning jacket,golden,Indie; Folk; Rock,4
my morning jacket,highly suspicious,Indie; Folk; Rock,4
my morning jacket,holdin on to black metal,Indie; Folk; Rock,6
my morning jacket,honest man,Indie; Folk; Rock,3
my morning jacket,hopefully,Indie; Folk; Rock,3
my morning jacket,how do you know,Indie; Folk; Rock,4
skillet,monster,Rock Alternativo; Rock; Hard Rock,1
skillet,awake and alive,Rock Alternativo; Rock; Hard Rock,1
skillet,lucy,Rock Alternativo; Rock; Hard Rock,6
skillet,feel invincible,Rock Alternativo; Rock; Hard Rock,5
skillet,you are my hope,Rock Alternativo; Rock; Hard Rock,4
skillet,the resistance,Rock Alternativo; Rock; Hard Rock,5
skillet,never surrender,Rock Alternativo; Rock; Hard Rock,1
skillet,rebirthing,Rock Alternativo; Rock; Hard Rock,5
skillet,legendary,Rock Alternativo; Rock; Hard Rock,5
skillet,comatose,Rock Alternativo; Rock; Hard Rock,5
skillet,looking for angels,Rock Alternativo; Rock; Hard Rock,5
skillet,rise,Rock Alternativo; Rock; Hard Rock,1
skillet,hero,Rock Alternativo; Rock; Hard Rock,6
skillet,beyond incredible,Rock Alternativo; Rock; Hard Rock,2
skillet,forgiven,Rock Alternativo; Rock; Hard Rock,2
skillet,dominion,Rock Alternativo; Rock; Hard Rock,5
skillet,victorious,Rock Alternativo; Rock; Hard Rock,1
skillet,burn it down,Rock Alternativo; Rock; Hard Rock,6
skillet,not gonna die,Rock Alternativo; Rock; Hard Rock,6
skillet,famous,Rock Alternativo; Rock; Hard Rock,1
skillet,undefeated,Rock Alternativo; Rock; Hard Rock,6
skillet,forever or the end,Rock Alternativo; Rock; Hard Rock,5
skillet,destiny,Rock Alternativo; Rock; Hard Rock,1
skillet,standing in the storm,Rock Alternativo; Rock; Hard Rock,1
skillet,a little more,Rock Alternativo; Rock; Hard Rock,2
skillet,alien youth,Rock Alternativo; Rock; Hard Rock,3
skillet,american noise,Rock Alternativo; Rock; Hard Rock,1
skillet,anchor,Rock Alternativo; Rock; Hard Rock,5
skillet,back from the dead,Rock Alternativo; Rock; Hard Rock,2
skillet,back to life,Rock Alternativo; Rock; Hard Rock,1
demon hunter,i am a stone,Heavy Metal; Gospel/Religioso; Rock,5
demon hunter,i will fail you,Heavy Metal; Gospel/Religioso; Rock,5
demon hunter,dead flowers,Heavy Metal; Gospel/Religioso; Rock,6
demon hunter,loneliness,Heavy Metal; Gospel/Religioso; Rock,3
demon hunter,death,Heavy Metal; Gospel/Religioso; Rock,3
demon hunter,fear is not my guide,Heavy Metal; Gospel/Religioso; Rock,5
demon hunter,deteriorate,Heavy Metal; Gospel/Religioso; Rock,2
demon hunter,the last one alive,Heavy Metal; Gospel/Religioso; Rock,4
demon hunter,the wind,Heavy Metal; Gospel/Religioso; Rock,3
demon hunter,carry me down,Heavy Metal; Gospel/Religioso; Rock,1
demon hunter,recuse myself,Heavy Metal; Gospel/Religioso; Rock,3
demon hunter,in time,Heavy Metal; Gospel/Religioso; Rock,3
demon hunter,cold blood,Heavy Metal; Gospel/Religioso; Rock,5
demon hunter,my destiny,Heavy Metal; Gospel/Religioso; Rock,4
demon hunter,one thousand apologies,Heavy Metal; Gospel/Religioso; Rock,3
demon hunter,sixteen,Heavy Metal; Gospel/Religioso; Rock,3
demon hunter,artificial light,Heavy Metal; Gospel/Religioso; Rock,3
demon hunter,two ways,Heavy Metal; Gospel/Religioso; Rock,6
demon hunter,the gauntlet,Heavy Metal; Gospel/Religioso; Rock,3
demon hunter,cross to bear,Heavy Metal; Gospel/Religioso; Rock,4
demon hunter,a broken upper hand,Heavy Metal; Gospel/Religioso; Rock,1
demon hunter,a thread of light,Heavy Metal; Gospel/Religioso; Rock,3
demon hunter,as we wept,Heavy Metal; Gospel/Religioso; Rock,5
demon hunter,beauty through the eyes of a predator,Heavy Metal; Gospel/Religioso; Rock,6
demon hunter,beheaded,Heavy Metal; Gospel/Religioso; Rock,1
demon hunter,bet my life,Heavy Metal; Gospel/Religioso; Rock,3
demon hunter,beyond me,Heavy Metal; Gospel/Religioso; Rock,4
demon hunter,blood in the tears,Heavy Metal; Gospel/Religioso; Rock,4
demon hunter,coffin builder,Heavy Metal; Gospel/Religioso; Rock,5
demon hunter,cold winter sun,Heavy Metal; Gospel/Religioso; Rock,5
the cure,just like heaven,Gótico; Pós-Punk; Rock,0
the cure,lovesong,Gótico; Pós-Punk; Rock,3
the cure,in between days,Gótico; Pós-Punk; Rock,4
the cure,close to me,Gótico; Pós-Punk; Rock,4
the cure,a forest,Gótico; Pós-Punk; Rock,3
the cure,lullaby,Gótico; Pós-Punk; Rock,3
the cure,pictures of you,Gótico; Pós-Punk; Rock,2
the cure,the lovecats,Gótico; Pós-Punk; Rock,2
the cure,purple haze,Gótico; Pós-Punk; Rock,4
the cure,a night like this,Gótico; Pós-Punk; Rock,2
the cure,underneath the stars,Gótico; Pós-Punk; Rock,3
the cure,2 late,Gótico; Pós-Punk; Rock,4
the cure,39,Gótico; Pós-Punk; Rock,6
the cure,a chain of flowers,Gótico; Pós-Punk; Rock,4
the cure,a foolish arrangement,Gótico; Pós-Punk; Rock,3
the cure,a japanese dream,Gótico; Pós-Punk; Rock,2
the cure,a man inside my mouth,Gótico; Pós-Punk; Rock,2
the cure,a pink dream,Gótico; Pós-Punk; Rock,6
the cure,a strange day,Gótico; Pós-Punk; Rock,4
the cure,adonais,Gótico; Pós-Punk; Rock,5
the cure,anniversary,Gótico; Pós-Punk; Rock,4
the cure,at night,Gótico; Pós-Punk; Rock,4
the cure,babble,Gótico; Pós-Punk; Rock,4
the cure,bananafishbones,Gótico; Pós-Punk; Rock,3
the cure,before three,Gótico; Pós-Punk; Rock,6
the cure,bloodflowers,Gótico; Pós-Punk; Rock,1
the cure,breathe,Gótico; Pós-Punk; Rock,4
the cure,burn,Gótico; Pós-Punk; Rock,5
the cure,coming up,Gótico; Pós-Punk; Rock,5
the cure,cut here,Gótico; Pós-Punk; Rock,2
marilyn manson,the last day on earth,Industrial; Rock; Heavy Metal,4
marilyn manson,the beautiful people,Industrial; Rock; Heavy Metal,1
marilyn manson,tainted love,Industrial; Rock; Heavy Metal,1
marilyn manson,mobscene,Industrial; Rock; Heavy Metal,5
marilyn manson,this is the new shit,Industrial; Rock; Heavy Metal,1
marilyn manson,the nobodies,Industrial; Rock; Heavy Metal,5
marilyn manson,we are chaos,Industrial; Rock; Heavy Metal,5
marilyn manson,godeatgod,Industrial; Rock; Heavy Metal,4
marilyn manson,personal jesus,Industrial; Rock; Heavy Metal,4
marilyn manson,cyclops,Industrial; Rock; Heavy Metal,4
marilyn manson,wow,Industrial; Rock; Heavy Metal,2
marilyn manson,the golden age of grotesque,Industrial; Rock; Heavy Metal,1
marilyn manson,coma black,Industrial; Rock; Heavy Metal,5
marilyn manson,cake and sodomy,Industrial; Rock; Heavy Metal,0
marilyn manson,15,Industrial; Rock; Heavy Metal,5
marilyn manson,1996,Industrial; Rock; Heavy Metal,5
marilyn manson,a place in the dirt,Industrial; Rock; Heavy Metal,3
marilyn manson,angel with the scabbed wings,Industrial; Rock; Heavy Metal,5
marilyn manson,antichrist superstar,Industrial; Rock; Heavy Metal,3
marilyn manson,better of two evils,Industrial; Rock; Heavy Metal,5
marilyn manson,birds of hell awaiting,Industrial; Rock; Heavy Metal,3
marilyn manson,blank and white,Industrial; Rock; Heavy Metal,2
marilyn manson,blood honey,Industrial; Rock; Heavy Metal,6
marilyn manson,born again,Industrial; Rock; Heavy Metal,3
marilyn manson,breaking the same old ground,Industrial; Rock; Heavy Metal,3
marilyn manson,broken needle,Industrial; Rock; Heavy Metal,5
marilyn manson,burning flag,Industrial; Rock; Heavy Metal,5
marilyn manson,children of cain,Industrial; Rock; Heavy Metal,1
marilyn manson,coma white,Industrial; Rock; Heavy Metal,1
marilyn manson,cry little sister,Industrial; Rock; Heavy Metal,6
nightwish,nemo,Heavy Metal; Rock; Gótico,5
nightwish,ghost love score,Heavy Metal; Rock; Gótico,5
nightwish,ever dream,Heavy Metal; Rock; Gótico,5
nightwish,the phantom of the opera,Heavy Metal; Rock; Gótico,4
nightwish,storytime,Heavy Metal; Rock; Gótico,6
nightwish,élan,Heavy Metal; Rock; Gótico,1
nightwish,beauty of the beast,Heavy Metal; Rock; Gótico,5
nightwish,the greatest show on earth,Heavy Metal; Rock; Gótico,6
nightwish,walking in the air,Heavy Metal; Rock; Gótico,3
nightwish,amaranth,Heavy Metal; Rock; Gótico,4
nightwish,dark chest of wonders,Heavy Metal; Rock; Gótico,5
nightwish,while your lips are still red,Heavy Metal; Rock; Gótico,3
nightwish,the islander,Heavy Metal; Rock; Gótico,1
nightwish,sleeping sun,Heavy Metal; Rock; Gótico,3
nightwish,wish i had an angel,Heavy Metal; Rock; Gótico,5
nightwish,noise,Heavy Metal; Rock; Gótico,1
nightwish,bless the child,Heavy Metal; Rock; Gótico,1
nightwish,planet hell,Heavy Metal; Rock; Gótico,0
nightwish,the kinslayer,Heavy Metal; Rock; Gótico,2
nightwish,nightquest,Heavy Metal; Rock; Gótico,5
nightwish,bye bye beautiful,Heavy Metal; Rock; Gótico,5
nightwish,the poet and the pendulum,Heavy Metal; Rock; Gótico,2
nightwish,10th man down,Heavy Metal; Rock; Gótico,1
nightwish,7 days to the wolves,Heavy Metal; Rock; Gótico,2
nightwish,alpenglow,Heavy Metal; Rock; Gótico,5
nightwish,angels fall first,Heavy Metal; Rock; Gótico,3
nightwish,away,Heavy Metal; Rock; Gótico,2
nightwish,bare grace misery,Heavy Metal; Rock; Gótico,3
nightwish,cadence of her last breath,Heavy Metal; Rock; Gótico,4
nightwish,come cover me,Heavy Metal; Rock; Gótico,3
within temptation,supernova,Rock; Gótico; Heavy Metal,5
within temptation,summertime sadness,Rock; Gótico; Heavy Metal,5
within temptation,faster,Rock; Gótico; Heavy Metal,3
within temptation,mad world,Rock; Gótico; Heavy Metal,1
within temptation,somewhere,Rock; Gótico; Heavy Metal,3
within temptation,angels,Rock; Gótico; Heavy Metal,6
within temptation,mercy mirror,Rock; Gótico; Heavy Metal,6
within temptation,ice queen,Rock; Gótico; Heavy Metal,4
within temptation,all i need,Rock; Gótico; Heavy Metal,5
within temptation,memories,Rock; Gótico; Heavy Metal,3
within temptation,entertain you,Rock; Gótico; Heavy Metal,1
within temptation,frozen,Rock; Gótico; Heavy Metal,5
within temptation,forsaken,Rock; Gótico; Heavy Metal,2
within temptation,what have you done,Rock; Gótico; Heavy Metal,1
within temptation,stand my ground,Rock; Gótico; Heavy Metal,5
within temptation,a dangerous mind,Rock; Gótico; Heavy Metal,3
within temptation,in vain,Rock; Gótico; Heavy Metal,2
within temptation,titanium,Rock; Gótico; Heavy Metal,5
within temptation,bittersweet,Rock; Gótico; Heavy Metal,3
within temptation,another day,Rock; Gótico; Heavy Metal,4
within temptation,apologize,Rock; Gótico; Heavy Metal,3
within temptation,aquarius,Rock; Gótico; Heavy Metal,3
within temptation,behind blue eyes,Rock; Gótico; Heavy Metal,6
within temptation,blue eyes,Rock; Gótico; Heavy Metal,6
within temptation,caged,Rock; Gótico; Heavy Metal,3
within temptation,candles,Rock; Gótico; Heavy Metal,3
within temptation,covered by roses,Rock; Gótico; Heavy Metal,1
within temptation,crazy,Rock; Gótico; Heavy Metal,1
within temptation,dark wings,Rock; Gótico; Heavy Metal,4
within temptation,deceiver of fools,Rock; Gótico; Heavy Metal,5
cradle of filth,nymphetamine fix,Heavy Metal; Gótico,1
cradle of filth,dirge inferno,Heavy Metal; Gótico,5
cradle of filth,her ghost in the fog,Heavy Metal; Gótico,5
cradle of filth,amor e morte,Heavy Metal; Gótico,5
cradle of filth,carrion,Heavy Metal; Gótico,2
cradle of filth,filthy little secret,Heavy Metal; Gótico,1
cradle of filth,from the cradle to enslave,Heavy Metal; Gótico,1
cradle of filth,hammer of the witches,Heavy Metal; Gótico,1
cradle of filth,thank god for the suffering,Heavy Metal; Gótico,5
cradle of filth,the death of love,Heavy Metal; Gótico,2
cradle of filth,blackest magick in practice,Heavy Metal; Gótico,5
cradle of filth,the principle of evil made flesh,Heavy Metal; Gótico,1
cradle of filth,gilded cunt,Heavy Metal; Gótico,2
cradle of filth,malice through the looking glass,Heavy Metal; Gótico,3
cradle of filth,tonight in flames,Heavy Metal; Gótico,0
cradle of filth,better to reign in hell,Heavy Metal; Gótico,2
cradle of filth,a bruise upon the silent moon,Heavy Metal; Gótico,4
cradle of filth,absinthe with faust,Heavy Metal; Gótico,5
cradle of filth,all hope in eclipse,Heavy Metal; Gótico,1
cradle of filth,an enemy led the tempest,Heavy Metal; Gótico,1
cradle of filth,as deep as any burial,Heavy Metal; Gótico,4
cradle of filth,balsamic and anathema,Heavy Metal; Gótico,5
cradle of filth,bathory aria,Heavy Metal; Gótico,5
cradle of filth,beauty slept in sodom,Heavy Metal; Gótico,6
cradle of filth,beneath the howling stars,Heavy Metal; Gótico,2
cradle of filth,black smoke curling from the lips of war,Heavy Metal; Gótico,5
cradle of filth,born in a burial gown,Heavy Metal; Gótico,1
cradle of filth,cemetery and sundown,Heavy Metal; Gótico,6
cradle of filth,coffin fodder,Heavy Metal; Gótico,5
cradle of filth,courting baphomet,Heavy Metal; Gótico,2
lacuna coil,trip the darkness,Heavy Metal; Gótico; Rock,5
lacuna coil,losing my religion,Heavy Metal; Gótico; Rock,3
lacuna coil,enjoy the silence,Heavy Metal; Gótico; Rock,4
lacuna coil,end of time,Heavy Metal; Gótico; Rock,1
lacuna coil,the house of shame,Heavy Metal; Gótico; Rock,6
lacuna coil,broken things,Heavy Metal; Gótico; Rock,5
lacuna coil,layers of time,Heavy Metal; Gótico; Rock,5
lacuna coil,delirium,Heavy Metal; Gótico; Rock,4
lacuna coil,entwined,Heavy Metal; Gótico; Rock,3
lacuna coil,swamped,Heavy Metal; Gótico; Rock,3
lacuna coil,spellbound,Heavy Metal; Gótico; Rock,4
lacuna coil,my demons,Heavy Metal; Gótico; Rock,1
lacuna coil,kill the light,Heavy Metal; Gótico; Rock,1
lacuna coil,intoxicated,Heavy Metal; Gótico; Rock,6
lacuna coil,a current obsession,Heavy Metal; Gótico; Rock,3
lacuna coil,aeon,Heavy Metal; Gótico; Rock,4
lacuna coil,against you,Heavy Metal; Gótico; Rock,4
lacuna coil,angels punishment,Heavy Metal; Gótico; Rock,4
lacuna coil,apocalypse,Heavy Metal; Gótico; Rock,3
lacuna coil,black anima,Heavy Metal; Gótico; Rock,3
lacuna coil,black dried up heart,Heavy Metal; Gótico; Rock,1
lacuna coil,black feathers,Heavy Metal; Gótico; Rock,5
lacuna coil,breakdown,Heavy Metal; Gótico; Rock,4
lacuna coil,claustrophobia,Heavy Metal; Gótico; Rock,6
lacuna coil,closer,Heavy Metal; Gótico; Rock,5
lacuna coil,cold heritage,Heavy Metal; Gótico; Rock,1
lacuna coil,cybersleep,Heavy Metal; Gótico; Rock,5
lacuna coil,daylight dancer,Heavy Metal; Gótico; Rock,2
lacuna coil,distant sun,Heavy Metal; Gótico; Rock,4
lacuna coil,downfall,Heavy Metal; Gótico; Rock,5
pearl jam,black,Grunge; Rock; Rock Alternativo,1
pearl jam,alive,Grunge; Rock; Rock Alternativo,3
pearl jam,last kiss,Grunge; Rock; Rock Alternativo,5
pearl jam,even flow,Grunge; Rock; Rock Alternativo,0
pearl jam,jeremy,Grunge; Rock; Rock Alternativo,4
pearl jam,better man,Grunge; Rock; Rock Alternativo,6
pearl jam,just breathe,Grunge; Rock; Rock Alternativo,3
pearl jam,daughter,Grunge; Rock; Rock Alternativo,4
pearl jam,i am mine,Grunge; Rock; Rock Alternativo,0
pearl jam,yellow ledbetter,Grunge; Rock; Rock Alternativo,6
pearl jam,sirens,Grunge; Rock; Rock Alternativo,2
pearl jam,soldier of love,Grunge; Rock; Rock Alternativo,4
pearl jam,future days,Grunge; Rock; Rock Alternativo,6
pearl jam,do the evolution,Grunge; Rock; Rock Alternativo,3
pearl jam,given to fly,Grunge; Rock; Rock Alternativo,4
pearl jam,oceans,Grunge; Rock; Rock Alternativo,3
pearl jam,come back,Grunge; Rock; Rock Alternativo,5
pearl jam,once,Grunge; Rock; Rock Alternativo,0
pearl jam,wishlist,Grunge; Rock; Rock Alternativo,4
pearl jam,nothingman,Grunge; Rock; Rock Alternativo,4
pearl jam,state of love and trust,Grunge; Rock; Rock Alternativo,0
pearl jam,release,Grunge; Rock; Rock Alternativo,4
pearl jam,elderly woman behind the counter in a small town,Grunge; Rock; Rock Alternativo,3
pearl jam,who ever said,Grunge; Rock; Rock Alternativo,6
pearl jam,blood,Grunge; Rock; Rock Alternativo,4
pearl jam,12 full,Grunge; Rock; Rock Alternativo,3
pearl jam,all or none,Grunge; Rock; Rock Alternativo,4
pearl jam,all those yesterdays,Grunge; Rock; Rock Alternativo,4
pearl jam,alright,Grunge; Rock; Rock Alternativo,3
pearl jam,amongst the waves,Grunge; Rock; Rock Alternativo,6
foo fighters,best of you,Rock Alternativo; Rock; Hard Rock,6
foo fighters,times like these,Rock Alternativo; Rock; Hard Rock,3
foo fighters,everlong,Rock Alternativo; Rock; Hard Rock,5
foo fighters,learn to fly,Rock Alternativo; Rock; Hard Rock,1
foo fighters,walk,Rock Alternativo; Rock; Hard Rock,6
foo fighters,all my life,Rock Alternativo; Rock; Hard Rock,1
foo fighters,the pretender,Rock Alternativo; Rock; Hard Rock,6
foo fighters,walking after you,Rock Alternativo; Rock; Hard Rock,3
foo fighters,these days,Rock Alternativo; Rock; Hard Rock,5
foo fighters,my hero,Rock Alternativo; Rock; Hard Rock,4
foo fighters,the sky is a neighborhood,Rock Alternativo; Rock; Hard Rock,5
foo fighters,next year,Rock Alternativo; Rock; Hard Rock,1
foo fighters,breakout,Rock Alternativo; Rock; Hard Rock,6
foo fighters,big me,Rock Alternativo; Rock; Hard Rock,4
foo fighters,waiting on a war,Rock Alternativo; Rock; Hard Rock,6
foo fighters,no son of mine,Rock Alternativo; Rock; Hard Rock,6
foo fighters,wheels,Rock Alternativo; Rock; Hard Rock,2
foo fighters,the one,Rock Alternativo; Rock; Hard Rock,2
foo fighters,making a fire,Rock Alternativo; Rock; Hard Rock,6
foo fighters,bridge burning,Rock Alternativo; Rock; Hard Rock,1
foo fighters,monkey wrench,Rock Alternativo; Rock; Hard Rock,6
foo fighters,shame shame,Rock Alternativo; Rock; Hard Rock,6
foo fighters,a matter of time,Rock Alternativo; Rock; Hard Rock,6
foo fighters,another round,Rock Alternativo; Rock; Hard Rock,4
foo fighters,arlandria,Rock Alternativo; Rock; Hard Rock,6
foo fighters,arrows,Rock Alternativo; Rock; Hard Rock,5
foo fighters,burn away,Rock Alternativo; Rock; Hard Rock,6
foo fighters,chasing birds,Rock Alternativo; Rock; Hard Rock,3
foo fighters,cloudspotter,Rock Alternativo; Rock; Hard Rock,5
foo fighters,cold day in the sun,Rock Alternativo; Rock; Hard Rock,3
alice in chains,would,Grunge; Rock,4
alice in chains,nutshell,Grunge; Rock,4
alice in chains,man in the box,Grunge; Rock,3
alice in chains,down in a hole,Grunge; Rock,6
alice in chains,rooster,Grunge; Rock,4
alice in chains,angry chair,Grunge; Rock,2
alice in chains,them bones,Grunge; Rock,4
alice in chains,bleed the freak,Grunge; Rock,5
alice in chains,no excuses,Grunge; Rock,4
alice in chains,voices,Grunge; Rock,4
alice in chains,dont follow,Grunge; Rock,4
alice in chains,heaven beside you,Grunge; Rock,2
alice in chains,sickman,Grunge; Rock,1
alice in chains,sea of sorrow,Grunge; Rock,3
alice in chains,we die young,Grunge; Rock,4
alice in chains,brother,Grunge; Rock,3
alice in chains,your decision,Grunge; Rock,4
alice in chains,love hate love,Grunge; Rock,3
alice in chains,dirt,Grunge; Rock,3
alice in chains,it aint like that,Grunge; Rock,3
alice in chains,rain when i die,Grunge; Rock,3
alice in chains,the one you know,Grunge; Rock,3
alice in chains,swing on this,Grunge; Rock,3
alice in chains,sludge factory,Grunge; Rock,4
alice in chains,again,Grunge; Rock,4
alice in chains,a little bitter,Grunge; Rock,3
alice in chains,a looking in view,Grunge; Rock,6
alice in chains,acid bubble,Grunge; Rock,3
alice in chains,all i am,Grunge; Rock,5
alice in chains,all secrets known,Grunge; Rock,4
soundgarden,black hole sun,Rock; Grunge,6
soundgarden,the day i tried to live,Rock; Grunge,5
soundgarden,rusty cage,Rock; Grunge,2
soundgarden,fell on black days,Rock; Grunge,1
soundgarden,jesus christ pose,Rock; Grunge,3
soundgarden,outshined,Rock; Grunge,6
soundgarden,spoonman,Rock; Grunge,3
soundgarden,somewhere,Rock; Grunge,4
soundgarden,burden in my hand,Rock; Grunge,1
soundgarden,nothing to say,Rock; Grunge,4
soundgarden,like suicide,Rock; Grunge,4
soundgarden,been away too long,Rock; Grunge,5
soundgarden,4th of july,Rock; Grunge,2
soundgarden,my wave,Rock; Grunge,1
soundgarden,ty cobb,Rock; Grunge,3
soundgarden,blow up the outside world,Rock; Grunge,4
soundgarden,pretty noose,Rock; Grunge,3
soundgarden,taree,Rock; Grunge,3
soundgarden,eyelids mouth,Rock; Grunge,4
soundgarden,loud love,Rock; Grunge,4
soundgarden,superunknown,Rock; Grunge,3
soundgarden,searching with my good eye closed,Rock; Grunge,4
soundgarden,head down,Rock; Grunge,4
soundgarden,665,Rock; Grunge,4
soundgarden,667,Rock; Grunge,4
soundgarden,a thousand days before,Rock; Grunge,3
soundgarden,all your lies,Rock; Grunge,3
soundgarden,an unkind,Rock; Grunge,3
soundgarden,attrition,Rock; Grunge,3
soundgarden,beyond the wheel,Rock; Grunge,3
scorpions,wind of change,Rock; Hard Rock; Heavy Metal,5
scorpions,still loving you,Rock; Hard Rock; Heavy Metal,1
scorpions,send me an angel,Rock; Hard Rock; Heavy Metal,5
scorpions,rock believer,Rock; Hard Rock; Heavy Metal,6
scorpions,rock you like a hurricane,Rock; Hard Rock; Heavy Metal,5
scorpions,no one like you,Rock; Hard Rock; Heavy Metal,2
scorpions,shining of your soul,Rock; Hard Rock; Heavy Metal,5
scorpions,gas in the tank,Rock; Hard Rock; Heavy Metal,6
scorpions,peacemaker,Rock; Hard Rock; Heavy Metal,3
scorpions,when the smoke is going down,Rock; Hard Rock; Heavy Metal,3
scorpions,shoot for your heart,Rock; Hard Rock; Heavy Metal,1
scorpions,the zoo,Rock; Hard Rock; Heavy Metal,3
scorpions,humanity,Rock; Hard Rock; Heavy Metal,1
scorpions,maybe i maybe you,Rock; Hard Rock; Heavy Metal,3
scorpions,believe in love,Rock; Hard Rock; Heavy Metal,3
scorpions,321,Rock; Hard Rock; Heavy Metal,1
scorpions,across the universe,Rock; Hard Rock; Heavy Metal,5
scorpions,alien nation,Rock; Hard Rock; Heavy Metal,5
scorpions,all day and all of the night,Rock; Hard Rock; Heavy Metal,3
scorpions,all for one,Rock; Hard Rock; Heavy Metal,2
scorpions,big city nights,Rock; Hard Rock; Heavy Metal,3
scorpions,blackout,Rock; Hard Rock; Heavy Metal,3
scorpions,blood too hot,Rock; Hard Rock; Heavy Metal,1
scorpions,borderline,Rock; Hard Rock; Heavy Metal,1
scorpions,call of the wild,Rock; Hard Rock; Heavy Metal,2
scorpions,can you feel it,Rock; Hard Rock; Heavy Metal,3
scorpions,catch your luck and play,Rock; Hard Rock; Heavy Metal,4
scorpions,children of the revolution,Rock; Hard Rock; Heavy Metal,4
scorpions,crazy ride,Rock; Hard Rock; Heavy Metal,4
scorpions,crossing borders,Rock; Hard Rock; Heavy Metal,3
slipknot,snuff,Hard Rock; Heavy Metal; Rock,5
slipknot,psychosocial,Hard Rock; Heavy Metal; Rock,2
slipknot,duality,Hard Rock; Heavy Metal; Rock,5
slipknot,before i forget,Hard Rock; Heavy Metal; Rock,6
slipknot,vermilion,Hard Rock; Heavy Metal; Rock,6
slipknot,the devil in i,Hard Rock; Heavy Metal; Rock,1
slipknot,wait and bleed,Hard Rock; Heavy Metal; Rock,6
slipknot,dead memories,Hard Rock; Heavy Metal; Rock,5
slipknot,unsainted,Hard Rock; Heavy Metal; Rock,6
slipknot,killpop,Hard Rock; Heavy Metal; Rock,1
slipknot,custer,Hard Rock; Heavy Metal; Rock,5
slipknot,solway firth,Hard Rock; Heavy Metal; Rock,5
slipknot,disasterpiece,Hard Rock; Heavy Metal; Rock,5
slipknot,spit it out,Hard Rock; Heavy Metal; Rock,1
slipknot,the chapeltown rag,Hard Rock; Heavy Metal; Rock,5
slipknot,xix,Hard Rock; Heavy Metal; Rock,3
slipknot,insert coin,Hard Rock; Heavy Metal; Rock,4
slipknot,my plague,Hard Rock; Heavy Metal; Rock,5
slipknot,surfacing,Hard Rock; Heavy Metal; Rock,3
slipknot,my pain,Hard Rock; Heavy Metal; Rock,4
slipknot,all hope is gone,Hard Rock; Heavy Metal; Rock,1
slipknot,all out life,Hard Rock; Heavy Metal; Rock,5
slipknot,aov,Hard Rock; Heavy Metal; Rock,5
slipknot,be prepared for hell,Hard Rock; Heavy Metal; Rock,4
slipknot,birth of the cruel,Hard Rock; Heavy Metal; Rock,6
slipknot,child of burning time,Hard Rock; Heavy Metal; Rock,6
slipknot,circle,Hard Rock; Heavy Metal; Rock,3
slipknot,critical darling,Hard Rock; Heavy Metal; Rock,5
slipknot,danger keep away,Hard Rock; Heavy Metal; Rock,3
slipknot,death because of death,Hard Rock; Heavy Metal; Rock,4
avenged sevenfold,so far away,Hard Rock; Heavy Metal; Rock,5
avenged sevenfold,nightmare,Hard Rock; Heavy Metal; Rock,1
avenged sevenfold,dear god,Hard Rock; Heavy Metal; Rock,5
avenged sevenfold,a little piece of heaven,Hard Rock; Heavy Metal; Rock,5
avenged sevenfold,seize the day,Hard Rock; Heavy Metal; Rock,1
avenged sevenfold,afterlife,Hard Rock; Heavy Metal; Rock,5
avenged sevenfold,danger line,Hard Rock; Heavy Metal; Rock,5
avenged sevenfold,hail to the king,Hard Rock; Heavy Metal; Rock,1
avenged sevenfold,heretic,Hard Rock; Heavy Metal; Rock,4
avenged sevenfold,set me free,Hard Rock; Heavy Metal; Rock,4
avenged sevenfold,buried alive,Hard Rock; Heavy Metal; Rock,1
avenged sevenfold,shepherd of fire,Hard Rock; Heavy Metal; Rock,5
avenged sevenfold,bat country,Hard Rock; Heavy Metal; Rock,2
avenged sevenfold,victim,Hard Rock; Heavy Metal; Rock,2
avenged sevenfold,fiction,Hard Rock; Heavy Metal; Rock,5
avenged sevenfold,demons,Hard Rock; Heavy Metal; Rock,5
avenged sevenfold,girl i know,Hard Rock; Heavy Metal; Rock,5
avenged sevenfold,and all things will end,Hard Rock; Heavy Metal; Rock,5
avenged sevenfold,blinded in chains,Hard Rock; Heavy Metal; Rock,2
avenged sevenfold,almost easy,Hard Rock; Heavy Metal; Rock,1
avenged sevenfold,save me,Hard Rock; Heavy Metal; Rock,2
avenged sevenfold,critical acclaim,Hard Rock; Heavy Metal; Rock,5
avenged sevenfold,the fight,Hard Rock; Heavy Metal; Rock,2
avenged sevenfold,gunslinger,Hard Rock; Heavy Metal; Rock,5
avenged sevenfold,welcome to the family,Hard Rock; Heavy Metal; Rock,1
avenged sevenfold,acid rain,Hard Rock; Heavy Metal; Rock,3
avenged sevenfold,an epic of time wasted,Hard Rock; Heavy Metal; Rock,4
avenged sevenfold,angels,Hard Rock; Heavy Metal; Rock,5
avenged sevenfold,as tears go by,Hard Rock; Heavy Metal; Rock,3
avenged sevenfold,beast and the harlot,Hard Rock; Heavy Metal; Rock,6
disturbed,the sound of silence,Rock; Hard Rock; Heavy Metal,5
disturbed,hold on to memories,Rock; Hard Rock; Heavy Metal,5
disturbed,down with the sickness,Rock; Hard Rock; Heavy Metal,2
disturbed,indestructible,Rock; Hard Rock; Heavy Metal,1
disturbed,the animal,Rock; Hard Rock; Heavy Metal,5
disturbed,the game,Rock; Hard Rock; Heavy Metal,1
disturbed,no more,Rock; Hard Rock; Heavy Metal,6
disturbed,stricken,Rock; Hard Rock; Heavy Metal,5
disturbed,a reason to fight,Rock; Hard Rock; Heavy Metal,2
disturbed,in another time,Rock; Hard Rock; Heavy Metal,5
disturbed,the night,Rock; Hard Rock; Heavy Metal,6
disturbed,voices,Rock; Hard Rock; Heavy Metal,2
disturbed,enough,Rock; Hard Rock; Heavy Metal,1
disturbed,inside the fire,Rock; Hard Rock; Heavy Metal,1
disturbed,immortalized,Rock; Hard Rock; Heavy Metal,2
disturbed,legion of monsters,Rock; Hard Rock; Heavy Metal,1
disturbed,my child,Rock; Hard Rock; Heavy Metal,1
disturbed,prayer,Rock; Hard Rock; Heavy Metal,5
disturbed,fear,Rock; Hard Rock; Heavy Metal,2
disturbed,numb,Rock; Hard Rock; Heavy Metal,3
disturbed,conflict,Rock; Hard Rock; Heavy Metal,5
disturbed,meaning of life,Rock; Hard Rock; Heavy Metal,1
disturbed,3,Rock; Hard Rock; Heavy Metal,2
disturbed,a welcome burden,Rock; Hard Rock; Heavy Metal,2
disturbed,already gone,Rock; Hard Rock; Heavy Metal,3
disturbed,another way to die,Rock; Hard Rock; Heavy Metal,2
disturbed,are you ready,Rock; Hard Rock; Heavy Metal,1
disturbed,asylum,Rock; Hard Rock; Heavy Metal,1
disturbed,avarice,Rock; Hard Rock; Heavy Metal,3
disturbed,awaken,Rock; Hard Rock; Heavy Metal,2
megadeth,symphony of destruction,Heavy Metal; Hard Rock; Rock,3
megadeth,a tout le monde,Heavy Metal; Hard Rock; Rock,1
megadeth,sweating bullets,Heavy Metal; Hard Rock; Rock,1
megadeth,peace sells,Heavy Metal; Hard Rock; Rock,3
megadeth,in my darkest hour,Heavy Metal; Hard Rock; Rock,6
megadeth,poisonous shadows,Heavy Metal; Hard Rock; Rock,4
megadeth,set the world afire,Heavy Metal; Hard Rock; Rock,1
megadeth,angry again,Heavy Metal; Hard Rock; Rock,5
megadeth,take no prisoners,Heavy Metal; Hard Rock; Rock,0
megadeth,lucretia,Heavy Metal; Hard Rock; Rock,3
megadeth,five magics,Heavy Metal; Hard Rock; Rock,3
megadeth,countdown to extinction,Heavy Metal; Hard Rock; Rock,4
megadeth,trust,Heavy Metal; Hard Rock; Rock,5
megadeth,conjuring,Heavy Metal; Hard Rock; Rock,4
megadeth,wake up dead,Heavy Metal; Hard Rock; Rock,4
megadeth,die dead enough,Heavy Metal; Hard Rock; Rock,5
megadeth,kill the king,Heavy Metal; Hard Rock; Rock,4
megadeth,dawn patrol,Heavy Metal; Hard Rock; Rock,4
megadeth,1000 times goodbye,Heavy Metal; Hard Rock; Rock,1
megadeth,13,Heavy Metal; Hard Rock; Rock,6
megadeth,44 minutes,Heavy Metal; Hard Rock; Rock,6
megadeth,a secret place,Heavy Metal; Hard Rock; Rock,4
megadeth,almost honest,Heavy Metal; Hard Rock; Rock,3
megadeth,amerikhastan,Heavy Metal; Hard Rock; Rock,1
megadeth,ashes in your mouth,Heavy Metal; Hard Rock; Rock,4
megadeth,back in the day,Heavy Metal; Hard Rock; Rock,1
megadeth,bite the hand,Heavy Metal; Hard Rock; Rock,5
megadeth,black friday,Heavy Metal; Hard Rock; Rock,2
megadeth,black swan,Heavy Metal; Hard Rock; Rock,6
megadeth,blackmail the universe,Heavy Metal; Hard Rock; Rock,1
judas priest,a touch of evil,Hard Rock; Heavy Metal,0
judas priest,all guns blazing,Hard Rock; Heavy Metal,3
judas priest,alone,Hard Rock; Heavy Metal,5
judas priest,angel,Hard Rock; Heavy Metal,4
judas priest,battle cry,Hard Rock; Heavy Metal,4
judas priest,beginning of the end,Hard Rock; Heavy Metal,5
judas priest,beyond the realms of death,Hard Rock; Heavy Metal,1
judas priest,bloodsuckers,Hard Rock; Heavy Metal,1
judas priest,breaking the law,Hard Rock; Heavy Metal,4
judas priest,bring it on,Hard Rock; Heavy Metal,5
judas priest,cheater,Hard Rock; Heavy Metal,3
judas priest,children of the sun,Hard Rock; Heavy Metal,3
judas priest,close to you,Hard Rock; Heavy Metal,0
judas priest,cold blooded,Hard Rock; Heavy Metal,4
judas priest,conquest,Hard Rock; Heavy Metal,3
judas priest,creatures,Hard Rock; Heavy Metal,3
judas priest,crossfire,Hard Rock; Heavy Metal,3
judas priest,cyberface,Hard Rock; Heavy Metal,4
judas priest,deal with the devil,Hard Rock; Heavy Metal,5
judas priest,death,Hard Rock; Heavy Metal,2
judas priest,deceiver,Hard Rock; Heavy Metal,4
judas priest,delivering the goods,Hard Rock; Heavy Metal,1
judas priest,demonizer,Hard Rock; Heavy Metal,3
judas priest,devil digger,Hard Rock; Heavy Metal,4
judas priest,diamonds and rust,Hard Rock; Heavy Metal,5
judas priest,dissident aggressor,Hard Rock; Heavy Metal,4
judas priest,down in flames,Hard Rock; Heavy Metal,4
judas priest,dragonaut,Hard Rock; Heavy Metal,4
judas priest,dreamer deceiver,Hard Rock; Heavy Metal,4
judas priest,dying to meet you,Hard Rock; Heavy Metal,1
bullet for my valentine,rainbow veins,Heavy Metal; Rock; Hard Rock,6
bullet for my valentine,waking the demon,Heavy Metal; Rock; Hard Rock,5
bullet for my valentine,hand of blood,Heavy Metal; Rock; Hard Rock,1
bullet for my valentine,your betrayal,Heavy Metal; Rock; Hard Rock,1
bullet for my valentine,no way out,Heavy Metal; Rock; Hard Rock,1
bullet for my valentine,hearts burst into fire,Heavy Metal; Rock; Hard Rock,5
bullet for my valentine,my reverie,Heavy Metal; Rock; Hard Rock,2
bullet for my valentine,bastards,Heavy Metal; Rock; Hard Rock,1
bullet for my valentine,road to nowhere,Heavy Metal; Rock; Hard Rock,3
bullet for my valentine,riot,Heavy Metal; Rock; Hard Rock,4
bullet for my valentine,parasite,Heavy Metal; Rock; Hard Rock,3
bullet for my valentine,army of noise,Heavy Metal; Rock; Hard Rock,5
bullet for my valentine,the poison,Heavy Metal; Rock; Hard Rock,4
bullet for my valentine,under again,Heavy Metal; Rock; Hard Rock,2
bullet for my valentine,paralysed,Heavy Metal; Rock; Hard Rock,6
bullet for my valentine,worthless,Heavy Metal; Rock; Hard Rock,1
bullet for my valentine,coma,Heavy Metal; Rock; Hard Rock,1
bullet for my valentine,leap of faith,Heavy Metal; Rock; Hard Rock,1
bullet for my valentine,a place where you belong,Heavy Metal; Rock; Hard Rock,5
bullet for my valentine,alone,Heavy Metal; Rock; Hard Rock,5
bullet for my valentine,ashes of the innocent,Heavy Metal; Rock; Hard Rock,1
bullet for my valentine,begging for mercy,Heavy Metal; Rock; Hard Rock,5
bullet for my valentine,bittersweet memories,Heavy Metal; Rock; Hard Rock,1
bullet for my valentine,breaking out,Heavy Metal; Rock; Hard Rock,5
bullet for my valentine,breaking point,Heavy Metal; Rock; Hard Rock,1
bullet for my valentine,breathe underwater,Heavy Metal; Rock; Hard Rock,4
bullet for my valentine,broken,Heavy Metal; Rock; Hard Rock,1
bullet for my valentine,crawling,Heavy Metal; Rock; Hard Rock,5
bullet for my valentine,cries in vain,Heavy Metal; Rock; Hard Rock,5
bullet for my valentine,curses,Heavy Metal; Rock; Hard Rock,5
papa roach,elevate,Rock; Hardcore; Hard Rock,5
papa roach,between angels and insects,Rock; Hardcore; Hard Rock,6
papa roach,american dreams,Rock; Hardcore; Hard Rock,6
papa roach,be free,Rock; Hardcore; Hard Rock,1
papa roach,before i die,Rock; Hardcore; Hard Rock,1
papa roach,binge,Rock; Hardcore; Hard Rock,3
papa roach,black clouds,Rock; Hardcore; Hard Rock,6
papa roach,blood brothers,Rock; Hardcore; Hard Rock,5
papa roach,born for greatness,Rock; Hardcore; Hard Rock,1
papa roach,break the fall,Rock; Hardcore; Hard Rock,1
papa roach,breathe you in,Rock; Hardcore; Hard Rock,5
papa roach,broken as me,Rock; Hardcore; Hard Rock,1
papa roach,broken home,Rock; Hardcore; Hard Rock,5
papa roach,burn,Rock; Hardcore; Hard Rock,6
papa roach,change or die,Rock; Hardcore; Hard Rock,3
papa roach,come around,Rock; Hardcore; Hard Rock,5
papa roach,crash,Rock; Hardcore; Hard Rock,6
papa roach,crooked teeth,Rock; Hardcore; Hard Rock,5
papa roach,cut the line,Rock; Hardcore; Hard Rock,5
papa roach,dead cell,Rock; Hardcore; Hard Rock,5
papa roach,decompression period,Rock; Hardcore; Hard Rock,1
papa roach,devil,Rock; Hardcore; Hard Rock,1
papa roach,do or die,Rock; Hardcore; Hard Rock,1
papa roach,done with you,Rock; Hardcore; Hard Rock,5
papa roach,dying to believe,Rock; Hardcore; Hard Rock,1
papa roach,face everything and rise,Rock; Hardcore; Hard Rock,5
papa roach,falling apart,Rock; Hardcore; Hard Rock,5
papa roach,fear hate love,Rock; Hardcore; Hard Rock,6
papa roach,feel like home,Rock; Hardcore; Hard Rock,5
papa roach,forever,Rock; Hardcore; Hard Rock,5
nofx,the decline,Hardcore; Punk Rock,2
nofx,linoleum,Hardcore; Punk Rock,3
nofx,13 stitches,Hardcore; Punk Rock,0
nofx,idiots are taking over,Hardcore; Punk Rock,6
nofx,drugs are good,Hardcore; Punk Rock,3
nofx,scavenger type,Hardcore; Punk Rock,4
nofx,dinosaurs will die,Hardcore; Punk Rock,5
nofx,cokie the clown,Hardcore; Punk Rock,3
nofx,seeing double at the triple rock,Hardcore; Punk Rock,3
nofx,the separation of church and skate,Hardcore; Punk Rock,1
nofx,just the flu,Hardcore; Punk Rock,3
nofx,bleeding heart disease,Hardcore; Punk Rock,6
nofx,shut up already,Hardcore; Punk Rock,4
nofx,180 degrees,Hardcore; Punk Rock,4
nofx,a200 club,Hardcore; Punk Rock,4
nofx,all my friends in new york,Hardcore; Punk Rock,4
nofx,all of me,Hardcore; Punk Rock,3
nofx,all outta angst,Hardcore; Punk Rock,3
nofx,always hate hippies,Hardcore; Punk Rock,4
nofx,and now for something completely similar,Hardcore; Punk Rock,1
nofx,arming the proletariat with potato guns,Hardcore; Punk Rock,3
nofx,bath of least resistance,Hardcore; Punk Rock,1
nofx,benny got blowed up,Hardcore; Punk Rock,3
nofx,bob,Hardcore; Punk Rock,4
nofx,bottles to the ground,Hardcore; Punk Rock,3
nofx,brain constipation,Hardcore; Punk Rock,4
nofx,codependence day,Hardcore; Punk Rock,4
nofx,cool and unusual punishment,Hardcore; Punk Rock,3
nofx,creeping out sara,Hardcore; Punk Rock,5
nofx,day to daze,Hardcore; Punk Rock,3
rise against,savior,Punk Rock; Hardcore; Rock,2
rise against,prayer of the refugee,Punk Rock; Hardcore; Rock,1
rise against,methadone,Punk Rock; Hardcore; Rock,1
rise against,ready to fall,Punk Rock; Hardcore; Rock,2
rise against,the good left undone,Punk Rock; Hardcore; Rock,1
rise against,swing life away,Punk Rock; Hardcore; Rock,5
rise against,satellite,Punk Rock; Hardcore; Rock,1
rise against,forfeit,Punk Rock; Hardcore; Rock,1
rise against,nowhere generation,Punk Rock; Hardcore; Rock,2
rise against,making christmas,Punk Rock; Hardcore; Rock,6
rise against,the numbers,Punk Rock; Hardcore; Rock,5
rise against,wolves,Punk Rock; Hardcore; Rock,1
rise against,people live here,Punk Rock; Hardcore; Rock,1
rise against,paper wings,Punk Rock; Hardcore; Rock,6
rise against,awake too long,Punk Rock; Hardcore; Rock,5
rise against,give it all,Punk Rock; Hardcore; Rock,6
rise against,from heads unworthy,Punk Rock; Hardcore; Rock,6
rise against,1000 good intentions,Punk Rock; Hardcore; Rock,6
rise against,3 day weekend,Punk Rock; Hardcore; Rock,4
rise against,a beautiful indifference,Punk Rock; Hardcore; Rock,6
rise against,alive and well,Punk Rock; Hardcore; Rock,4
rise against,amber changing,Punk Rock; Hardcore; Rock,3
rise against,anywhere but here,Punk Rock; Hardcore; Rock,1
rise against,architects,Punk Rock; Hardcore; Rock,1
rise against,audience of one,Punk Rock; Hardcore; Rock,6
rise against,ballad of hollis brown,Punk Rock; Hardcore; Rock,5
rise against,behind closed doors,Punk Rock; Hardcore; Rock,6
rise against,blind,Punk Rock; Hardcore; Rock,5
rise against,blood to bleed,Punk Rock; Hardcore; Rock,1
rise against,bricks,Punk Rock; Hardcore; Rock,1
pennywise,alien,Punk Rock; Hardcore; Rock,3
pennywise,fuck authority,Punk Rock; Hardcore; Rock,6
pennywise,time marches on,Punk Rock; Hardcore; Rock,4
pennywise,bro hymn,Punk Rock; Hardcore; Rock,3
pennywise,18 soldiers,Punk Rock; Hardcore; Rock,4
pennywise,6th avenue nightmare,Punk Rock; Hardcore; Rock,1
pennywise,a little hope,Punk Rock; Hardcore; Rock,1
pennywise,affliction,Punk Rock; Hardcore; Rock,5
pennywise,all along,Punk Rock; Hardcore; Rock,5
pennywise,all or nothing,Punk Rock; Hardcore; Rock,1
pennywise,all we need,Punk Rock; Hardcore; Rock,6
pennywise,anyone listening,Punk Rock; Hardcore; Rock,3
pennywise,badge of pride,Punk Rock; Hardcore; Rock,5
pennywise,best i can,Punk Rock; Hardcore; Rock,3
pennywise,change my mind,Punk Rock; Hardcore; Rock,1
pennywise,closer,Punk Rock; Hardcore; Rock,4
pennywise,competition song,Punk Rock; Hardcore; Rock,4
pennywise,confusion,Punk Rock; Hardcore; Rock,3
pennywise,die for you,Punk Rock; Hardcore; Rock,3
pennywise,disconnect,Punk Rock; Hardcore; Rock,3
pennywise,divine intervention,Punk Rock; Hardcore; Rock,3
pennywise,dying,Punk Rock; Hardcore; Rock,4
pennywise,enemy,Punk Rock; Hardcore; Rock,4
pennywise,faith and hope,Punk Rock; Hardcore; Rock,6
pennywise,falling down,Punk Rock; Hardcore; Rock,4
pennywise,fight till you die,Punk Rock; Hardcore; Rock,5
pennywise,final chapters,Punk Rock; Hardcore; Rock,3
pennywise,fox tv,Punk Rock; Hardcore; Rock,6
pennywise,god save the usa,Punk Rock; Hardcore; Rock,1
pennywise,holiday in the sun,Punk Rock; Hardcore; Rock,4
korn,freak on a leash,Heavy Metal; Rock; Hard Rock,5
korn,blind,Heavy Metal; Rock; Hard Rock,3
korn,penance to sorrow,Heavy Metal; Rock; Hard Rock,2
korn,twist,Heavy Metal; Rock; Hard Rock,3
korn,start the healing,Heavy Metal; Rock; Hard Rock,2
korn,can you hear me,Heavy Metal; Rock; Hard Rock,5
korn,hopeless and beaten,Heavy Metal; Rock; Hard Rock,1
korn,alone i break,Heavy Metal; Rock; Hard Rock,2
korn,thoughtless,Heavy Metal; Rock; Hard Rock,5
korn,my confession,Heavy Metal; Rock; Hard Rock,2
korn,falling away from me,Heavy Metal; Rock; Hard Rock,4
korn,coming undone,Heavy Metal; Rock; Hard Rock,2
korn,got the life,Heavy Metal; Rock; Hard Rock,6
korn,forgotten,Heavy Metal; Rock; Hard Rock,5
korn,cold,Heavy Metal; Rock; Hard Rock,1
korn,embrace,Heavy Metal; Rock; Hard Rock,5
korn,somebody someone,Heavy Metal; Rock; Hard Rock,3
korn,alive,Heavy Metal; Rock; Hard Rock,2
korn,beat it upright,Heavy Metal; Rock; Hard Rock,1
korn,bitch we got a problem,Heavy Metal; Rock; Hard Rock,2
korn,black is the soul,Heavy Metal; Rock; Hard Rock,1
korn,blame,Heavy Metal; Rock; Hard Rock,4
korn,break some off,Heavy Metal; Rock; Hard Rock,1
korn,chi,Heavy Metal; Rock; Hard Rock,4
korn,clown,Heavy Metal; Rock; Hard Rock,5
korn,counting on me,Heavy Metal; Rock; Hard Rock,5
korn,creep,Heavy Metal; Rock; Hard Rock,3
korn,deep inside,Heavy Metal; Rock; Hard Rock,2
korn,did my time,Heavy Metal; Rock; Hard Rock,2
korn,die another day,Heavy Metal; Rock; Hard Rock,3
sepultura,territory,Heavy Metal,4
sepultura,roots bloody roots,Heavy Metal,4
sepultura,orgasmatron,Heavy Metal,3
sepultura,isolation,Heavy Metal,5
sepultura,troops of doom,Heavy Metal,4
sepultura,trauma of war,Heavy Metal,3
sepultura,impending doom,Heavy Metal,3
sepultura,alethea,Heavy Metal,3
sepultura,cyber god,Heavy Metal,3
sepultura,i am the enemy,Heavy Metal,3
sepultura,biotech is godzilla,Heavy Metal,3
sepultura,the vatican,Heavy Metal,4
sepultura,dead embryonic cells,Heavy Metal,4
sepultura,activist,Heavy Metal,3
sepultura,agony of defeat,Heavy Metal,3
sepultura,ali,Heavy Metal,6
sepultura,apes of god,Heavy Metal,3
sepultura,arise,Heavy Metal,3
sepultura,as it is,Heavy Metal,3
sepultura,attitude,Heavy Metal,3
sepultura,autem,Heavy Metal,3
sepultura,beneath the remains,Heavy Metal,6
sepultura,border wars,Heavy Metal,5
sepultura,born strong,Heavy Metal,3
sepultura,born stubborn,Heavy Metal,3
sepultura,bottomed out,Heavy Metal,4
sepultura,breed apart,Heavy Metal,4
sepultura,bullet the blue sky,Heavy Metal,1
sepultura,buried words,Heavy Metal,3
sepultura,capital enslavement,Heavy Metal,3
five finger death punch,wrong side of heaven,Heavy Metal,2
five finger death punch,a little bit off,Heavy Metal,5
five finger death punch,bad company,Heavy Metal,3
five finger death punch,remember everything,Heavy Metal,1
five finger death punch,darkness settles in,Heavy Metal,5
five finger death punch,inside out,Heavy Metal,6
five finger death punch,wash it all away,Heavy Metal,5
five finger death punch,gone away,Heavy Metal,4
five finger death punch,far from home,Heavy Metal,3
five finger death punch,house of the rising sun,Heavy Metal,3
five finger death punch,i refuse,Heavy Metal,1
five finger death punch,under and over it,Heavy Metal,2
five finger death punch,brighter side of grey,Heavy Metal,3
five finger death punch,to be alone,Heavy Metal,5
five finger death punch,blue on black,Heavy Metal,4
five finger death punch,my nemesis,Heavy Metal,3
five finger death punch,question everything,Heavy Metal,4
five finger death punch,jekyll and hyde,Heavy Metal,1
five finger death punch,will the sun ever rise,Heavy Metal,5
five finger death punch,top of the world,Heavy Metal,5
five finger death punch,i apologize,Heavy Metal,1
five finger death punch,100 ways to hate,Heavy Metal,1
five finger death punch,a day in my life,Heavy Metal,1
five finger death punch,a place to die,Heavy Metal,1
five finger death punch,american capitalist,Heavy Metal,3
five finger death punch,anywhere but here,Heavy Metal,1
five finger death punch,ashes,Heavy Metal,6
five finger death punch,back for more,Heavy Metal,5
five finger death punch,bad seed,Heavy Metal,5
five finger death punch,battle born,Heavy Metal,5
motörhead,ace of spades,Heavy Metal; Rock; Hard Rock,3
motörhead,overkill,Heavy Metal; Rock; Hard Rock,3
motörhead,god was never on your side,Heavy Metal; Rock; Hard Rock,6
motörhead,trigger,Heavy Metal; Rock; Hard Rock,2
motörhead,in the name of tragedy,Heavy Metal; Rock; Hard Rock,6
motörhead,heroes,Heavy Metal; Rock; Hard Rock,6
motörhead,back on the chain,Heavy Metal; Rock; Hard Rock,6
motörhead,be my baby,Heavy Metal; Rock; Hard Rock,1
motörhead,born to lose,Heavy Metal; Rock; Hard Rock,6
motörhead,brave new world,Heavy Metal; Rock; Hard Rock,2
motörhead,brotherhood of man,Heavy Metal; Rock; Hard Rock,5
motörhead,buried alive,Heavy Metal; Rock; Hard Rock,5
motörhead,bye bye bitch bye bye,Heavy Metal; Rock; Hard Rock,6
motörhead,choking on your screams,Heavy Metal; Rock; Hard Rock,6
motörhead,christine,Heavy Metal; Rock; Hard Rock,6
motörhead,crying shame,Heavy Metal; Rock; Hard Rock,2
motörhead,death machine,Heavy Metal; Rock; Hard Rock,4
motörhead,devil i know,Heavy Metal; Rock; Hard Rock,1
motörhead,devils in my head,Heavy Metal; Rock; Hard Rock,1
motörhead,do you believe,Heavy Metal; Rock; Hard Rock,4
motörhead,down on me,Heavy Metal; Rock; Hard Rock,1
motörhead,down the line,Heavy Metal; Rock; Hard Rock,5
motörhead,dust and glass,Heavy Metal; Rock; Hard Rock,4
motörhead,electricity,Heavy Metal; Rock; Hard Rock,4
motörhead,end of time,Heavy Metal; Rock; Hard Rock,2
motörhead,english rose,Heavy Metal; Rock; Hard Rock,1
motörhead,evil eye,Heavy Metal; Rock; Hard Rock,5
motörhead,fight,Heavy Metal; Rock; Hard Rock,0
motörhead,fire storm hotel,Heavy Metal; Rock; Hard Rock,2
motörhead,get back in line,Heavy Metal; Rock; Hard Rock,5
cannibal corpse,i cum blood,Heavy Metal,4
cannibal corpse,hammer smashed face,Heavy Metal,2
cannibal corpse,scourge of iron,Heavy Metal,3
cannibal corpse,evisceration plague,Heavy Metal,1
cannibal corpse,a skull full of maggots,Heavy Metal,4
cannibal corpse,kill or become,Heavy Metal,1
cannibal corpse,bloodlands,Heavy Metal,6
cannibal corpse,no remorse,Heavy Metal,5
cannibal corpse,orgasm through torture,Heavy Metal,4
cannibal corpse,demented aggression,Heavy Metal,6
cannibal corpse,stripped raped and strangled,Heavy Metal,1
cannibal corpse,disposal of the body,Heavy Metal,5
cannibal corpse,staring through the eyes of the dead,Heavy Metal,3
cannibal corpse,covered with sores,Heavy Metal,6
cannibal corpse,devoured by vermin,Heavy Metal,4
cannibal corpse,necrosadistic warning,Heavy Metal,3
cannibal corpse,murder worship,Heavy Metal,5
cannibal corpse,priests of sodom,Heavy Metal,1
cannibal corpse,a cauldron of hate,Heavy Metal,1
cannibal corpse,a skeletal domain,Heavy Metal,5
cannibal corpse,absolute hatred,Heavy Metal,4
cannibal corpse,as deep as the knife will go,Heavy Metal,5
cannibal corpse,asphyxiate to resuscitate,Heavy Metal,3
cannibal corpse,barbaric bludgeonings,Heavy Metal,4
cannibal corpse,beheading and burning,Heavy Metal,1
cannibal corpse,bent backwards and broken,Heavy Metal,4
cannibal corpse,bloodstained cement,Heavy Metal,5
cannibal corpse,blowtorch slaughter,Heavy Metal,4
cannibal corpse,blunt force castration,Heavy Metal,4
cannibal corpse,bound and burned,Heavy Metal,4
black label society,in this river,Heavy Metal,3
black label society,angel of mercy,Heavy Metal,4
black label society,stillborn,Heavy Metal,3
black label society,fire it up,Heavy Metal,4
black label society,like a bird,Heavy Metal,3
black label society,funeral bell,Heavy Metal,4
black label society,sold my soul,Heavy Metal,3
black label society,the rose petalled garden,Heavy Metal,3
black label society,bored to tears,Heavy Metal,5
black label society,spoke in the wheel,Heavy Metal,5
black label society,just killing time,Heavy Metal,4
black label society,i never dreamed,Heavy Metal,6
black label society,overlord,Heavy Metal,6
black label society,all for you,Heavy Metal,4
black label society,set you free,Heavy Metal,3
black label society,berserkers,Heavy Metal,3
black label society,godspeed hellbound,Heavy Metal,4
black label society,the blessed hellride,Heavy Metal,4
black label society,bridge to cross,Heavy Metal,3
black label society,low down,Heavy Metal,3
black label society,forever down,Heavy Metal,4
black label society,been a long time,Heavy Metal,3
black label society,queen of sorrow,Heavy Metal,3
black label society,rust,Heavy Metal,3
black label society,13 years of grief,Heavy Metal,3
black label society,a love unreal,Heavy Metal,3
black label society,battering ram,Heavy Metal,4
black label society,believe,Heavy Metal,3
black label society,beneath the tree,Heavy Metal,3
black label society,beyond the down,Heavy Metal,3
dream theater,the looking glass,Progressivo; Heavy Metal; Rock,2
dream theater,pull me under,Progressivo; Heavy Metal; Rock,6
dream theater,this is the life,Progressivo; Heavy Metal; Rock,3
dream theater,as i am,Progressivo; Heavy Metal; Rock,1
dream theater,hollow years,Progressivo; Heavy Metal; Rock,1
dream theater,octavarium,Progressivo; Heavy Metal; Rock,6
dream theater,untethered angel,Progressivo; Heavy Metal; Rock,4
dream theater,another day,Progressivo; Heavy Metal; Rock,4
dream theater,one last time,Progressivo; Heavy Metal; Rock,4
dream theater,begin again,Progressivo; Heavy Metal; Rock,3
dream theater,learning to live,Progressivo; Heavy Metal; Rock,1
dream theater,forsaken,Progressivo; Heavy Metal; Rock,4
dream theater,beyond this life,Progressivo; Heavy Metal; Rock,5
dream theater,a better life,Progressivo; Heavy Metal; Rock,2
dream theater,a change of seasons,Progressivo; Heavy Metal; Rock,5
dream theater,a life left behind,Progressivo; Heavy Metal; Rock,1
dream theater,a new beginning,Progressivo; Heavy Metal; Rock,5
dream theater,a nightmare to remember,Progressivo; Heavy Metal; Rock,6
dream theater,a rite of passage,Progressivo; Heavy Metal; Rock,3
dream theater,a savior in the square,Progressivo; Heavy Metal; Rock,3
dream theater,a tempting offer,Progressivo; Heavy Metal; Rock,3
dream theater,a view from the top of the world,Progressivo; Heavy Metal; Rock,2
dream theater,about to crash,Progressivo; Heavy Metal; Rock,5
dream theater,act of faythe,Progressivo; Heavy Metal; Rock,3
dream theater,along for the ride,Progressivo; Heavy Metal; Rock,2
dream theater,answering the call,Progressivo; Heavy Metal; Rock,2
dream theater,astonishing,Progressivo; Heavy Metal; Rock,5
dream theater,awaken the master,Progressivo; Heavy Metal; Rock,4
dream theater,barstool warrior,Progressivo; Heavy Metal; Rock,1
dream theater,behind the veil,Progressivo; Heavy Metal; Rock,3
amon amarth,twilight of the thunder god,Heavy Metal,6
amon amarth,deceiver of the gods,Heavy Metal,3
amon amarth,father of the wolf,Heavy Metal,4
amon amarth,with oden on our side,Heavy Metal,3
amon amarth,the berserker at stamford bridge,Heavy Metal,5
amon amarth,the last stand of frej,Heavy Metal,1
amon amarth,the pursuit of vikings,Heavy Metal,3
amon amarth,live without regrets,Heavy Metal,3
amon amarth,back on northern shores,Heavy Metal,5
amon amarth,versus the world,Heavy Metal,5
amon amarth,a beast am i,Heavy Metal,5
amon amarth,a fury divine,Heavy Metal,5
amon amarth,across the rainbow bridge,Heavy Metal,4
amon amarth,aerials,Heavy Metal,1
amon amarth,an ancient sign of coming storm,Heavy Metal,3
amon amarth,annihilation of hammerfest,Heavy Metal,1
amon amarth,arson,Heavy Metal,6
amon amarth,as loke falls,Heavy Metal,4
amon amarth,as long as the raven flies,Heavy Metal,4
amon amarth,asator,Heavy Metal,4
amon amarth,bastards of a lying breed,Heavy Metal,6
amon amarth,blood eagle,Heavy Metal,4
amon amarth,bloodshed,Heavy Metal,4
amon amarth,burning anvil of steel,Heavy Metal,4
amon amarth,burning creation,Heavy Metal,4
amon amarth,coming of the tide,Heavy Metal,0
amon amarth,crack the sky,Heavy Metal,0
amon amarth,cry of the black birds,Heavy Metal,4
amon amarth,death in fire,Heavy Metal,0
amon amarth,destroyer of the universe,Heavy Metal,6
trivium,from dawn to decadence,Heavy Metal,5
trivium,until the world goes cold,Heavy Metal,5
trivium,catastrophist,Heavy Metal,4
trivium,the phalanx,Heavy Metal,2
trivium,like a sword over damocles,Heavy Metal,1
trivium,the shadow of the abattoir,Heavy Metal,2
trivium,in the court of the dragon,Heavy Metal,2
trivium,a crisis of revelation,Heavy Metal,1
trivium,sickness unto you,Heavy Metal,5
trivium,no way back just through,Heavy Metal,1
trivium,feast of fire,Heavy Metal,1
trivium,endless night,Heavy Metal,6
trivium,in waves,Heavy Metal,5
trivium,fall into your hands,Heavy Metal,1
trivium,the heart from your hate,Heavy Metal,5
trivium,a grey so dark,Heavy Metal,3
trivium,a gunshot to the head of trepidation,Heavy Metal,4
trivium,and sadness will sear,Heavy Metal,5
trivium,as i am exploding,Heavy Metal,5
trivium,ascendancy,Heavy Metal,3
trivium,at the end of this war,Heavy Metal,5
trivium,beauty in the sorrow,Heavy Metal,2
trivium,becoming the dragon,Heavy Metal,3
trivium,bending the arc to fear,Heavy Metal,4
trivium,beneath the sun,Heavy Metal,3
trivium,betrayer,Heavy Metal,5
trivium,beyond oblivion,Heavy Metal,3
trivium,black,Heavy Metal,4
trivium,bleed into me,Heavy Metal,5
trivium,blind leading the blind,Heavy Metal,5
hammerfall,at the end of the rainbow,Heavy Metal,2
hammerfall,not today,Heavy Metal,3
hammerfall,hammerfall,Heavy Metal,4
hammerfall,legacy of kings,Heavy Metal,5
hammerfall,steel meets steel,Heavy Metal,4
hammerfall,stone cold,Heavy Metal,4
hammerfall,child of the damned,Heavy Metal,0
hammerfall,bring the hammer down,Heavy Metal,2
hammerfall,genocide,Heavy Metal,6
hammerfall,heeding the call,Heavy Metal,4
hammerfall,glory to the brave,Heavy Metal,5
hammerfall,i refuse,Heavy Metal,4
hammerfall,second to one,Heavy Metal,5
hammerfall,dominion,Heavy Metal,4
hammerfall,let the hammer fall,Heavy Metal,3
hammerfall,last man standing,Heavy Metal,2
hammerfall,i want out,Heavy Metal,5
hammerfall,a legend reborn,Heavy Metal,5
hammerfall,always will be,Heavy Metal,6
hammerfall,and yet i smile,Heavy Metal,2
hammerfall,angel of mercy,Heavy Metal,4
hammerfall,any means necessary,Heavy Metal,5
hammerfall,back to back,Heavy Metal,3
hammerfall,between two worlds,Heavy Metal,3
hammerfall,blood bound,Heavy Metal,2
hammerfall,bloodline,Heavy Metal,2
hammerfall,born to rule,Heavy Metal,4
hammerfall,built to last,Heavy Metal,2
hammerfall,bushido,Heavy Metal,1
hammerfall,carved in stone,Heavy Metal,6
killswitch engage,i am broken too,Heavy Metal; Rock; Hardcore,3
killswitch engage,us against the world,Heavy Metal; Rock; Hardcore,3
killswitch engage,take control,Heavy Metal; Rock; Hardcore,3
killswitch engage,unleashed,Heavy Metal; Rock; Hardcore,1
killswitch engage,the arms of sorrow,Heavy Metal; Rock; Hardcore,4
killswitch engage,ravenous,Heavy Metal; Rock; Hardcore,3
killswitch engage,know your enemy,Heavy Metal; Rock; Hardcore,1
killswitch engage,as sure as the sun will rise,Heavy Metal; Rock; Hardcore,4
killswitch engage,alone i stand,Heavy Metal; Rock; Hardcore,4
killswitch engage,hate by design,Heavy Metal; Rock; Hardcore,3
killswitch engage,loyalty,Heavy Metal; Rock; Hardcore,4
killswitch engage,declaration,Heavy Metal; Rock; Hardcore,4
killswitch engage,when the balance is broken,Heavy Metal; Rock; Hardcore,4
killswitch engage,this is absolution,Heavy Metal; Rock; Hardcore,3
killswitch engage,for you,Heavy Metal; Rock; Hardcore,3
killswitch engage,my life for yours,Heavy Metal; Rock; Hardcore,3
killswitch engage,a light in a darkened world,Heavy Metal; Rock; Hardcore,4
killswitch engage,in due time,Heavy Metal; Rock; Hardcore,3
killswitch engage,the end of heartache,Heavy Metal; Rock; Hardcore,4
killswitch engage,a bid farewell,Heavy Metal; Rock; Hardcore,4
killswitch engage,a tribute to the fallen,Heavy Metal; Rock; Hardcore,3
killswitch engage,always,Heavy Metal; Rock; Hardcore,4
killswitch engage,and embers rise,Heavy Metal; Rock; Hardcore,3
killswitch engage,ascension,Heavy Metal; Rock; Hardcore,3
killswitch engage,be one,Heavy Metal; Rock; Hardcore,4
killswitch engage,beyond the flames,Heavy Metal; Rock; Hardcore,4
killswitch engage,bite the hand that feeds,Heavy Metal; Rock; Hardcore,1
killswitch engage,break the silence,Heavy Metal; Rock; Hardcore,2
killswitch engage,breathe life,Heavy Metal; Rock; Hardcore,3
killswitch engage,cut me loose,Heavy Metal; Rock; Hardcore,3
paradise lost,darker thoughts,Heavy Metal; Gótico,5
paradise lost,hallowed land,Heavy Metal; Gótico,3
paradise lost,never again,Heavy Metal; Gótico,4
paradise lost,defiler,Heavy Metal; Gótico,3
paradise lost,ghosts,Heavy Metal; Gótico,3
paradise lost,spirit,Heavy Metal; Gótico,3
paradise lost,fall from grace,Heavy Metal; Gótico,3
paradise lost,ending days,Heavy Metal; Gótico,4
paradise lost,hear the night,Heavy Metal; Gótico,5
paradise lost,hope dies young,Heavy Metal; Gótico,4
paradise lost,forsaken,Heavy Metal; Gótico,4
paradise lost,no hope in sight,Heavy Metal; Gótico,4
paradise lost,no reason,Heavy Metal; Gótico,3
paradise lost,shades of god,Heavy Metal; Gótico,3
paradise lost,small town boy,Heavy Metal; Gótico,5
paradise lost,last regret,Heavy Metal; Gótico,4
paradise lost,host,Heavy Metal; Gótico,3
paradise lost,accept the pain,Heavy Metal; Gótico,3
paradise lost,all you leave behind,Heavy Metal; Gótico,3
paradise lost,an eternity of lies,Heavy Metal; Gótico,3
paradise lost,as horizons end,Heavy Metal; Gótico,3
paradise lost,back on disaster,Heavy Metal; Gótico,3
paradise lost,behind the grey,Heavy Metal; Gótico,4
paradise lost,beneath black skies,Heavy Metal; Gótico,4
paradise lost,channel for the pain,Heavy Metal; Gótico,3
paradise lost,close your eyes,Heavy Metal; Gótico,4
paradise lost,control,Heavy Metal; Gótico,4
paradise lost,crucify,Heavy Metal; Gótico,4
paradise lost,deep,Heavy Metal; Gótico,3
paradise lost,divided,Heavy Metal; Gótico,3
mastodon,gigantium,Heavy Metal,1
mastodon,just got paid,Heavy Metal,3
mastodon,chimes at midnight,Heavy Metal,5
mastodon,more than i could chew,Heavy Metal,5
mastodon,pain with an anchor,Heavy Metal,4
mastodon,sickle and peace,Heavy Metal,3
mastodon,diamond in the witch house,Heavy Metal,5
mastodon,all the heavy lifting,Heavy Metal,3
mastodon,ancient kingdom,Heavy Metal,3
mastodon,andromeda,Heavy Metal,3
mastodon,aqua dementia,Heavy Metal,3
mastodon,asleep in the deep,Heavy Metal,5
mastodon,aunt lisa,Heavy Metal,3
mastodon,battle at sea,Heavy Metal,4
mastodon,bedazzled fingernails,Heavy Metal,4
mastodon,black tongue,Heavy Metal,3
mastodon,blasteroid,Heavy Metal,3
mastodon,blue walsh,Heavy Metal,5
mastodon,burning man,Heavy Metal,4
mastodon,capillarian crest,Heavy Metal,4
mastodon,circle of cysquatch,Heavy Metal,4
mastodon,clandestiny,Heavy Metal,4
mastodon,colony of birchmen,Heavy Metal,3
mastodon,crack the skye,Heavy Metal,4
mastodon,crusher destroyer,Heavy Metal,4
mastodon,crystal skull,Heavy Metal,4
mastodon,curl of the burl,Heavy Metal,0
mastodon,cut you up with a linoleum knife,Heavy Metal,4
mastodon,deep sea creature,Heavy Metal,3
mastodon,divinations,Heavy Metal,4
amorphis,a new day,Heavy Metal,3
amorphis,a servant,Heavy Metal,3
amorphis,against widows,Heavy Metal,3
amorphis,alone,Heavy Metal,4
amorphis,amongst stars,Heavy Metal,1
amorphis,battle for light,Heavy Metal,3
amorphis,black river,Heavy Metal,3
amorphis,black winter day,Heavy Metal,3
amorphis,born from fire,Heavy Metal,3
amorphis,captured state,Heavy Metal,4
amorphis,course of fate,Heavy Metal,4
amorphis,crimson wave,Heavy Metal,3
amorphis,daughter of hate,Heavy Metal,2
amorphis,day of your beliefs,Heavy Metal,3
amorphis,death of a king,Heavy Metal,5
amorphis,drifting memories,Heavy Metal,4
amorphis,drowned maid,Heavy Metal,3
amorphis,empty opening,Heavy Metal,4
amorphis,enchanted by the moon,Heavy Metal,4
amorphis,enigma,Heavy Metal,3
amorphis,ethereal solitude,Heavy Metal,4
amorphis,exile of the sons of uisliu,Heavy Metal,4
amorphis,far from the sun,Heavy Metal,4
amorphis,first doom,Heavy Metal,3
amorphis,forever more,Heavy Metal,3
amorphis,forgotten sunrise,Heavy Metal,4
amorphis,from earth i rose,Heavy Metal,4
amorphis,from the heaven of my heart,Heavy Metal,3
amorphis,god of deception,Heavy Metal,3
amorphis,grain of sand,Heavy Metal,3
lamb of god,resurrection man,Heavy Metal; Rock; Hardcore,4
lamb of god,gears,Heavy Metal; Rock; Hardcore,1
lamb of god,ghost walking,Heavy Metal; Rock; Hardcore,5
lamb of god,memento mori,Heavy Metal; Rock; Hardcore,5
lamb of god,laid to rest,Heavy Metal; Rock; Hardcore,4
lamb of god,hourglass,Heavy Metal; Rock; Hardcore,4
lamb of god,512,Heavy Metal; Rock; Hardcore,2
lamb of god,new colossal hate,Heavy Metal; Rock; Hardcore,5
lamb of god,reality bath,Heavy Metal; Rock; Hardcore,5
lamb of god,11th hour,Heavy Metal; Rock; Hardcore,3
lamb of god,a warning,Heavy Metal; Rock; Hardcore,3
lamb of god,again we rise,Heavy Metal; Rock; Hardcore,2
lamb of god,another nail for your coffin,Heavy Metal; Rock; Hardcore,4
lamb of god,anthropoid,Heavy Metal; Rock; Hardcore,5
lamb of god,as the palaces burn,Heavy Metal; Rock; Hardcore,3
lamb of god,ashes of the wake,Heavy Metal; Rock; Hardcore,4
lamb of god,black label,Heavy Metal; Rock; Hardcore,3
lamb of god,blacken the cursed sun,Heavy Metal; Rock; Hardcore,1
lamb of god,blood junkie,Heavy Metal; Rock; Hardcore,6
lamb of god,blood of the scribe,Heavy Metal; Rock; Hardcore,3
lamb of god,bloodshot eyes,Heavy Metal; Rock; Hardcore,6
lamb of god,break you,Heavy Metal; Rock; Hardcore,1
lamb of god,broken hands,Heavy Metal; Rock; Hardcore,1
lamb of god,cheated,Heavy Metal; Rock; Hardcore,4
lamb of god,checkmate,Heavy Metal; Rock; Hardcore,5
lamb of god,choke sermon,Heavy Metal; Rock; Hardcore,1
lamb of god,confessional,Heavy Metal; Rock; Hardcore,4
lamb of god,contractor,Heavy Metal; Rock; Hardcore,1
lamb of god,dead seeds,Heavy Metal; Rock; Hardcore,3
lamb of god,delusion pandemic,Heavy Metal; Rock; Hardcore,1
napalm death,nazi punks fuck off,Heavy Metal; Hardcore; New Wave,4
napalm death,suffer the children,Heavy Metal; Hardcore; New Wave,4
napalm death,a gag reflex,Heavy Metal; Hardcore; New Wave,4
napalm death,cause and effect,Heavy Metal; Hardcore; New Wave,4
napalm death,unchallenged hate,Heavy Metal; Hardcore; New Wave,4
napalm death,deceiver,Heavy Metal; Hardcore; New Wave,4
napalm death,circle of hypocrisy,Heavy Metal; Hardcore; New Wave,4
napalm death,siege of power,Heavy Metal; Hardcore; New Wave,4
napalm death,inner incineration,Heavy Metal; Hardcore; New Wave,4
napalm death,unfit earth,Heavy Metal; Hardcore; New Wave,4
napalm death,food chains,Heavy Metal; Hardcore; New Wave,4
napalm death,necessary evil,Heavy Metal; Hardcore; New Wave,4
napalm death,rise above,Heavy Metal; Hardcore; New Wave,4
napalm death,if the truth be known,Heavy Metal; Hardcore; New Wave,3
napalm death,diatribes,Heavy Metal; Hardcore; New Wave,3
napalm death,all hail the grey dawn,Heavy Metal; Hardcore; New Wave,4
napalm death,analysis paralysis,Heavy Metal; Hardcore; New Wave,4
napalm death,armageddon x 7,Heavy Metal; Hardcore; New Wave,4
napalm death,as the machine rolls on,Heavy Metal; Hardcore; New Wave,4
napalm death,blank look about face,Heavy Metal; Hardcore; New Wave,4
napalm death,blind to the truth,Heavy Metal; Hardcore; New Wave,4
napalm death,blows to the body,Heavy Metal; Hardcore; New Wave,4
napalm death,blunt against the cutting edge,Heavy Metal; Hardcore; New Wave,3
napalm death,born on your knees,Heavy Metal; Hardcore; New Wave,4
napalm death,breed to breathe,Heavy Metal; Hardcore; New Wave,4
napalm death,cesspits,Heavy Metal; Hardcore; New Wave,4
napalm death,cleanse impure,Heavy Metal; Hardcore; New Wave,4
napalm death,climate controllers,Heavy Metal; Hardcore; New Wave,4
napalm death,collision course,Heavy Metal; Hardcore; New Wave,3
napalm death,common enemy,Heavy Metal; Hardcore; New Wave,4
eminem,lose yourself,Hip Hop; Rap,5
eminem,the real slim shady,Hip Hop; Rap,5
eminem,rap god,Hip Hop; Rap,6
eminem,without me,Hip Hop; Rap,2
eminem,venom,Hip Hop; Rap,5
eminem,not afraid,Hip Hop; Rap,5
eminem,mockingbird,Hip Hop; Rap,2
eminem,beautiful,Hip Hop; Rap,6
eminem,my name is,Hip Hop; Rap,5
eminem,the way i am,Hip Hop; Rap,5
eminem,space bound,Hip Hop; Rap,6
eminem,higher,Hip Hop; Rap,2
eminem,just lose it,Hip Hop; Rap,2
eminem,business,Hip Hop; Rap,1
eminem,my mom,Hip Hop; Rap,1
eminem,sing for the moment,Hip Hop; Rap,2
eminem,25 to life,Hip Hop; Rap,5
eminem,almost famous,Hip Hop; Rap,6
eminem,arose,Hip Hop; Rap,5
eminem,ass like that,Hip Hop; Rap,2
eminem,baby,Hip Hop; Rap,5
eminem,bad guy,Hip Hop; Rap,2
eminem,bagpipes from baghdad,Hip Hop; Rap,1
eminem,believe,Hip Hop; Rap,5
eminem,berzerk,Hip Hop; Rap,1
eminem,big weenie,Hip Hop; Rap,1
eminem,brainless,Hip Hop; Rap,5
eminem,buffalo bill,Hip Hop; Rap,1
eminem,careful what you wish for,Hip Hop; Rap,1
eminem,castle,Hip Hop; Rap,2
drake,hotline bling,Rap; Hip Hop,1
drake,one dance,Rap; Hip Hop,1
drake,champagne poetry,Rap; Hip Hop,5
drake,ratchet happy birthday,Rap; Hip Hop,5
drake,toosie slide,Rap; Hip Hop,5
drake,finesse,Rap; Hip Hop,4
drake,do not disturb,Rap; Hip Hop,5
drake,know yourself,Rap; Hip Hop,5
drake,nonstop,Rap; Hip Hop,1
drake,legend,Rap; Hip Hop,2
drake,teenage fever,Rap; Hip Hop,1
drake,energy,Rap; Hip Hop,1
drake,jungle,Rap; Hip Hop,5
drake,passionfruit,Rap; Hip Hop,5
drake,10 bands,Rap; Hip Hop,1
drake,30 for 30 freestyle,Rap; Hip Hop,5
drake,4pm in calabasas,Rap; Hip Hop,1
drake,6 god,Rap; Hip Hop,2
drake,6 man,Rap; Hip Hop,5
drake,6pm in new york,Rap; Hip Hop,2
drake,7am on bridle path,Rap; Hip Hop,5
drake,8 out of 10,Rap; Hip Hop,6
drake,9,Rap; Hip Hop,2
drake,back to back,Rap; Hip Hop,2
drake,best i ever had,Rap; Hip Hop,5
drake,blem,Rap; Hip Hop,2
drake,blue tint,Rap; Hip Hop,6
drake,brand new,Rap; Hip Hop,6
drake,buried alive interlude,Rap; Hip Hop,5
drake,charged up,Rap; Hip Hop,1
mac miller,self care,Hip Hop; Rap; Pop,5
mac miller,blue world,Hip Hop; Rap; Pop,2
mac miller,2009,Hip Hop; Rap; Pop,5
mac miller,skin,Hip Hop; Rap; Pop,2
mac miller,ladders,Hip Hop; Rap; Pop,1
mac miller,dunno,Hip Hop; Rap; Pop,6
mac miller,inside outside,Hip Hop; Rap; Pop,3
mac miller,jet fuel,Hip Hop; Rap; Pop,1
mac miller,the spins,Hip Hop; Rap; Pop,5
mac miller,100 grandkids,Hip Hop; Rap; Pop,6
mac miller,hurt feelings,Hip Hop; Rap; Pop,2
mac miller,1 threw 8,Hip Hop; Rap; Pop,6
mac miller,all around the world,Hip Hop; Rap; Pop,6
mac miller,all i want is you,Hip Hop; Rap; Pop,5
mac miller,america,Hip Hop; Rap; Pop,5
mac miller,angel dust,Hip Hop; Rap; Pop,5
mac miller,another night,Hip Hop; Rap; Pop,1
mac miller,aquarium,Hip Hop; Rap; Pop,6
mac miller,ascension,Hip Hop; Rap; Pop,5
mac miller,ave maria,Hip Hop; Rap; Pop,1
mac miller,avian,Hip Hop; Rap; Pop,5
mac miller,bird call,Hip Hop; Rap; Pop,1
mac miller,blue slide park,Hip Hop; Rap; Pop,1
mac miller,brand name,Hip Hop; Rap; Pop,5
mac miller,break the law,Hip Hop; Rap; Pop,2
mac miller,buttons,Hip Hop; Rap; Pop,1
mac miller,clarity,Hip Hop; Rap; Pop,5
mac miller,clubhouse,Hip Hop; Rap; Pop,6
mac miller,colors and shapes,Hip Hop; Rap; Pop,5
mac miller,complicated,Hip Hop; Rap; Pop,6
lana del rey,born to die,Romântico; Indie,5
lana del rey,video games,Romântico; Indie,5
lana del rey,summertime sadness,Romântico; Indie,5
lana del rey,chemtrails over the country club,Romântico; Indie,5
lana del rey,cola,Romântico; Indie,2
lana del rey,blue jeans,Romântico; Indie,1
lana del rey,west coast,Romântico; Indie,2
lana del rey,love,Romântico; Indie,6
lana del rey,ride,Romântico; Indie,1
lana del rey,cherry,Romântico; Indie,6
lana del rey,brooklyn baby,Romântico; Indie,2
lana del rey,norman fucking rockwell,Romântico; Indie,5
lana del rey,young and beautiful,Romântico; Indie,5
lana del rey,happiness is a butterfly,Romântico; Indie,5
lana del rey,dark paradise,Romântico; Indie,5
lana del rey,diet mountain dew,Romântico; Indie,6
lana del rey,13 beaches,Romântico; Indie,2
lana del rey,24,Romântico; Indie,3
lana del rey,american,Romântico; Indie,1
lana del rey,art deco,Romântico; Indie,5
lana del rey,bartender,Romântico; Indie,5
lana del rey,bel air,Romântico; Indie,2
lana del rey,black beauty,Romântico; Indie,4
lana del rey,blue velvet,Romântico; Indie,3
lana del rey,body electric,Romântico; Indie,5
lana del rey,burning desire,Romântico; Indie,1
lana del rey,california,Romântico; Indie,5
lana del rey,carmen,Romântico; Indie,5
lana del rey,cinnamon girl,Romântico; Indie,5
lana del rey,cruel world,Romântico; Indie,5
arctic monkeys,i wanna be yours,Rock Alternativo; Rock; Indie,1
arctic monkeys,505,Rock Alternativo; Rock; Indie,1
arctic monkeys,fluorescent adolescent,Rock Alternativo; Rock; Indie,5
arctic monkeys,arabella,Rock Alternativo; Rock; Indie,1
arctic monkeys,mardy bum,Rock Alternativo; Rock; Indie,1
arctic monkeys,snap out of it,Rock Alternativo; Rock; Indie,5
arctic monkeys,a certain romance,Rock Alternativo; Rock; Indie,6
arctic monkeys,crying lightning,Rock Alternativo; Rock; Indie,1
arctic monkeys,knee socks,Rock Alternativo; Rock; Indie,5
arctic monkeys,when the sun goes down,Rock Alternativo; Rock; Indie,5
arctic monkeys,i bet you look good on the dancefloor,Rock Alternativo; Rock; Indie,3
arctic monkeys,fireside,Rock Alternativo; Rock; Indie,5
arctic monkeys,do me a favour,Rock Alternativo; Rock; Indie,5
arctic monkeys,four out of five,Rock Alternativo; Rock; Indie,5
arctic monkeys,stop the world i wanna get off with you,Rock Alternativo; Rock; Indie,5
arctic monkeys,brianstorm,Rock Alternativo; Rock; Indie,5
arctic monkeys,cornerstone,Rock Alternativo; Rock; Indie,6
arctic monkeys,old yellow bricks,Rock Alternativo; Rock; Indie,5
arctic monkeys,teddy picker,Rock Alternativo; Rock; Indie,6
arctic monkeys,she looks like fun,Rock Alternativo; Rock; Indie,4
arctic monkeys,one point perspective,Rock Alternativo; Rock; Indie,4
arctic monkeys,2013,Rock Alternativo; Rock; Indie,3
arctic monkeys,7,Rock Alternativo; Rock; Indie,3
arctic monkeys,all my own stunts,Rock Alternativo; Rock; Indie,3
arctic monkeys,american sports,Rock Alternativo; Rock; Indie,4
arctic monkeys,anyways,Rock Alternativo; Rock; Indie,3
arctic monkeys,bad woman,Rock Alternativo; Rock; Indie,3
arctic monkeys,balaclava,Rock Alternativo; Rock; Indie,1
arctic monkeys,batphone,Rock Alternativo; Rock; Indie,6
arctic monkeys,bigger boys and stolen sweethearts,Rock Alternativo; Rock; Indie,5
radiohead,karma police,Indie; Rock; Rock Alternativo,4
radiohead,no surprises,Indie; Rock; Rock Alternativo,4
radiohead,let down,Indie; Rock; Rock Alternativo,4
radiohead,paranoid android,Indie; Rock; Rock Alternativo,1
radiohead,all i need,Indie; Rock; Rock Alternativo,3
radiohead,how to disappear completely,Indie; Rock; Rock Alternativo,4
radiohead,lotus flower,Indie; Rock; Rock Alternativo,5
radiohead,present tense,Indie; Rock; Rock Alternativo,3
radiohead,separator,Indie; Rock; Rock Alternativo,5
radiohead,everything in its right place,Indie; Rock; Rock Alternativo,4
radiohead,i might be wrong,Indie; Rock; Rock Alternativo,4
radiohead,reckoner,Indie; Rock; Rock Alternativo,4
radiohead,i promise,Indie; Rock; Rock Alternativo,3
radiohead,backdrifts,Indie; Rock; Rock Alternativo,4
radiohead,15 step,Indie; Rock; Rock Alternativo,4
radiohead,4 minute warning,Indie; Rock; Rock Alternativo,3
radiohead,a reminder,Indie; Rock; Rock Alternativo,4
radiohead,a wolf at the door,Indie; Rock; Rock Alternativo,5
radiohead,airbag,Indie; Rock; Rock Alternativo,3
radiohead,bloom,Indie; Rock; Rock Alternativo,4
radiohead,bodysnatchers,Indie; Rock; Rock Alternativo,4
radiohead,burn the witch,Indie; Rock; Rock Alternativo,3
radiohead,climbing up the walls,Indie; Rock; Rock Alternativo,3
radiohead,codex,Indie; Rock; Rock Alternativo,3
radiohead,cuttooth,Indie; Rock; Rock Alternativo,1
radiohead,decks dark,Indie; Rock; Rock Alternativo,1
radiohead,desert island disk,Indie; Rock; Rock Alternativo,3
radiohead,dollars and cents,Indie; Rock; Rock Alternativo,3
radiohead,down is the new up,Indie; Rock; Rock Alternativo,3
radiohead,faust arp,Indie; Rock; Rock Alternativo,3
weezer,island in the sun,Indie; Rock; Rock Alternativo,3
weezer,all my favorite songs,Indie; Rock; Rock Alternativo,5
weezer,hash pipe,Indie; Rock; Rock Alternativo,6
weezer,perfect situation,Indie; Rock; Rock Alternativo,1
weezer,buddy holly,Indie; Rock; Rock Alternativo,1
weezer,stand by me,Indie; Rock; Rock Alternativo,3
weezer,qb blitz,Indie; Rock; Rock Alternativo,1
weezer,my best friend,Indie; Rock; Rock Alternativo,4
weezer,happy together,Indie; Rock; Rock Alternativo,6
weezer,hero,Indie; Rock; Rock Alternativo,5
weezer,grapes of wrath,Indie; Rock; Rock Alternativo,1
weezer,i need some of that,Indie; Rock; Rock Alternativo,5
weezer,take on me,Indie; Rock; Rock Alternativo,4
weezer,africa,Indie; Rock; Rock Alternativo,1
weezer,my name is jonas,Indie; Rock; Rock Alternativo,4
weezer,in the garage,Indie; Rock; Rock Alternativo,3
weezer,thank god for girls,Indie; Rock; Rock Alternativo,6
weezer,1 more hit,Indie; Rock; Rock Alternativo,1
weezer,all my friends are insects,Indie; Rock; Rock Alternativo,3
weezer,all the good ones,Indie; Rock; Rock Alternativo,5
weezer,aloo gobi,Indie; Rock; Rock Alternativo,5
weezer,american gigolo,Indie; Rock; Rock Alternativo,4
weezer,automatic,Indie; Rock; Rock Alternativo,4
weezer,autopilot,Indie; Rock; Rock Alternativo,3
weezer,back to the shack,Indie; Rock; Rock Alternativo,2
weezer,beach boys,Indie; Rock; Rock Alternativo,5
weezer,beginning of the end,Indie; Rock; Rock Alternativo,3
weezer,beverly hills,Indie; Rock; Rock Alternativo,5
weezer,bird with a broken wing,Indie; Rock; Rock Alternativo,2
weezer,blue dream,Indie; Rock; Rock Alternativo,3
death cab for cutie,transatlanticism,Indie,3
death cab for cutie,i will follow you into the dark,Indie,6
death cab for cutie,you can do better than me,Indie,3
death cab for cutie,this charming man,Indie,3
death cab for cutie,tiny vessels,Indie,1
death cab for cutie,northern lights,Indie,3
death cab for cutie,meet me on the equinox,Indie,0
death cab for cutie,20th century towers,Indie,4
death cab for cutie,405,Indie,3
death cab for cutie,a diamond and a tether,Indie,1
death cab for cutie,a lack of color,Indie,3
death cab for cutie,a movie script ending,Indie,1
death cab for cutie,all is full of love,Indie,4
death cab for cutie,amputations,Indie,3
death cab for cutie,army corps of architects,Indie,4
death cab for cutie,bixby canyon bridge,Indie,3
death cab for cutie,black sun,Indie,4
death cab for cutie,blacking out the friction,Indie,3
death cab for cutie,brothers on a hotel bed,Indie,3
death cab for cutie,champagne from a paper cup,Indie,3
death cab for cutie,codes and keys,Indie,3
death cab for cutie,company calls,Indie,5
death cab for cutie,company calls epilogue,Indie,6
death cab for cutie,coney island,Indie,4
death cab for cutie,crooked teeth,Indie,5
death cab for cutie,death of an interior decorator,Indie,3
death cab for cutie,debate exposes doubt,Indie,3
death cab for cutie,different names for the same thing,Indie,4
death cab for cutie,doors unlocked and open,Indie,4
death cab for cutie,dream scream,Indie,0
bright eyes,at the bottom of everything,Indie,5
bright eyes,mariana trench,Indie,2
bright eyes,a song to pass the time,Indie,6
bright eyes,amy in the white coat,Indie,6
bright eyes,an attempt to tip the scales,Indie,3
bright eyes,arienette,Indie,1
bright eyes,bad blood,Indie,5
bright eyes,blue angels air show,Indie,3
bright eyes,blue christmas,Indie,3
bright eyes,bowl of oranges,Indie,1
bright eyes,burn rubber,Indie,4
bright eyes,cartoon blues,Indie,5
bright eyes,classic cars,Indie,6
bright eyes,cleanse song,Indie,1
bright eyes,coat check dream song,Indie,5
bright eyes,coyote song,Indie,1
bright eyes,devil in the details,Indie,2
bright eyes,devil town,Indie,4
bright eyes,down in a rabbit hole,Indie,3
bright eyes,drunk kid catholic,Indie,2
bright eyes,false advertising,Indie,1
bright eyes,firewall,Indie,5
bright eyes,first day of my life,Indie,5
bright eyes,four winds,Indie,1
bright eyes,from a balance beam,Indie,5
bright eyes,gold mine gutted,Indie,3
bright eyes,haile selassie,Indie,5
bright eyes,hit the switch,Indie,1
bright eyes,hot knives,Indie,5
bright eyes,i believe in symmetry,Indie,6
animal collective,also frightened,Indie,6
animal collective,alvin row,Indie,5
animal collective,amanita,Indie,3
animal collective,applesauce,Indie,1
animal collective,april and the phantom,Indie,2
animal collective,baby day,Indie,4
animal collective,banshee beat,Indie,1
animal collective,bees,Indie,4
animal collective,bleed,Indie,4
animal collective,bluish,Indie,1
animal collective,brother sport,Indie,3
animal collective,chocolate girl,Indie,5
animal collective,chores,Indie,4
animal collective,cobwebs,Indie,5
animal collective,college,Indie,4
animal collective,cuckoo cuckoo,Indie,1
animal collective,daffy duck,Indie,3
animal collective,daily routine,Indie,1
animal collective,derek,Indie,5
animal collective,did you see the words,Indie,2
animal collective,doggy,Indie,3
animal collective,dragon slayer,Indie,5
animal collective,essplode,Indie,5
animal collective,father time,Indie,5
animal collective,fickle cycle,Indie,5
animal collective,fireworks,Indie,1
animal collective,flesh canoe,Indie,1
animal collective,floridada,Indie,1
animal collective,for reverend green,Indie,5
animal collective,forest gospel,Indie,4
guided by voices,motor away,Indie,4
guided by voices,run wild,Indie,4
guided by voices,a farewell to arms,Indie,4
guided by voices,a kind of love,Indie,4
guided by voices,a salty salute,Indie,4
guided by voices,a trophy mule in particular,Indie,3
guided by voices,always gone,Indie,3
guided by voices,andre the hawk,Indie,3
guided by voices,apology in advance,Indie,3
guided by voices,arthur has business elsewhere,Indie,4
guided by voices,asia minor,Indie,4
guided by voices,asphyxiated circle,Indie,3
guided by voices,back to the lake,Indie,4
guided by voices,bad and rare,Indie,4
guided by voices,beat your wings,Indie,5
guided by voices,big school,Indie,4
guided by voices,black ghost pie,Indie,4
guided by voices,break even,Indie,4
guided by voices,bulldog skin,Indie,3
guided by voices,bunco men,Indie,3
guided by voices,car language,Indie,3
guided by voices,cat beats a drum,Indie,4
guided by voices,chasing heather crazy,Indie,3
guided by voices,cheyenne,Indie,4
guided by voices,christian animation torch carriers,Indie,3
guided by voices,cruise,Indie,3
guided by voices,dank star ground control,Indie,4
guided by voices,dead cloud,Indie,3
guided by voices,demons are real,Indie,3
guided by voices,dirty water,Indie,4
elton john,your song,Soft Rock; Romântico; Pop/Rock,5
elton john,rocket man,Soft Rock; Romântico; Pop/Rock,5
elton john,sacrifice,Soft Rock; Romântico; Pop/Rock,4
elton john,can you feel the love tonight,Soft Rock; Romântico; Pop/Rock,4
elton john,nikita,Soft Rock; Romântico; Pop/Rock,5
elton john,goodbye yellow brick road,Soft Rock; Romântico; Pop/Rock,2
elton john,candle in the wind,Soft Rock; Romântico; Pop/Rock,4
elton john,the one,Soft Rock; Romântico; Pop/Rock,3
elton john,daniel,Soft Rock; Romântico; Pop/Rock,1
elton john,tiny dancer,Soft Rock; Romântico; Pop/Rock,1
elton john,circle of life,Soft Rock; Romântico; Pop/Rock,2
elton john,kiss the bride,Soft Rock; Romântico; Pop/Rock,3
elton john,bennie and the jets,Soft Rock; Romântico; Pop/Rock,4
elton john,a dream come true,Soft Rock; Romântico; Pop/Rock,3
elton john,a good heart,Soft Rock; Romântico; Pop/Rock,5
elton john,a town called jubilee,Soft Rock; Romântico; Pop/Rock,1
elton john,all the girls love alice,Soft Rock; Romântico; Pop/Rock,5
elton john,american triangle,Soft Rock; Romântico; Pop/Rock,1
elton john,and the house fell down,Soft Rock; Romântico; Pop/Rock,5
elton john,answer in the sky,Soft Rock; Romântico; Pop/Rock,1
elton john,ballad of the boy in the red shoes,Soft Rock; Romântico; Pop/Rock,3
elton john,believe,Soft Rock; Romântico; Pop/Rock,4
elton john,birds,Soft Rock; Romântico; Pop/Rock,4
elton john,blue eyes,Soft Rock; Romântico; Pop/Rock,4
elton john,blue wonderful,Soft Rock; Romântico; Pop/Rock,1
elton john,blues never fade away,Soft Rock; Romântico; Pop/Rock,5
elton john,burn down the mission,Soft Rock; Romântico; Pop/Rock,4
elton john,claw hammer,Soft Rock; Romântico; Pop/Rock,2
elton john,crocodile rock,Soft Rock; Romântico; Pop/Rock,3
elton john,dark diamond,Soft Rock; Romântico; Pop/Rock,5
sara bareilles,she used to be mine,Pop; Romântico,1
sara bareilles,never ever getting rid of me,Pop; Romântico,5
sara bareilles,gravity,Pop; Romântico,5
sara bareilles,love song,Pop; Romântico,5
sara bareilles,brave,Pop; Romântico,1
sara bareilles,many the miles,Pop; Romântico,1
sara bareilles,i choose you,Pop; Romântico,2
sara bareilles,little voice,Pop; Romântico,5
sara bareilles,orpheus,Pop; Romântico,6
sara bareilles,1000 times,Pop; Romântico,1
sara bareilles,goodbye yellow brick road,Pop; Romântico,2
sara bareilles,poetry by dead men,Pop; Romântico,5
sara bareilles,coming back to you,Pop; Romântico,1
sara bareilles,love on the rocks,Pop; Romântico,1
sara bareilles,opening up,Pop; Romântico,2
sara bareilles,more love,Pop; Romântico,2
sara bareilles,ghost light,Pop; Romântico,5
sara bareilles,armor,Pop; Romântico,5
sara bareilles,august moon,Pop; Romântico,3
sara bareilles,basket case,Pop; Romântico,2
sara bareilles,beautiful girl,Pop; Romântico,1
sara bareilles,between the lines,Pop; Romântico,5
sara bareilles,bluebird,Pop; Romântico,4
sara bareilles,bottle it up,Pop; Romântico,5
sara bareilles,breathe again,Pop; Romântico,5
sara bareilles,bright lights and cityscapes,Pop; Romântico,1
sara bareilles,chasing the sun,Pop; Romântico,1
sara bareilles,city,Pop; Romântico,4
sara bareilles,come round soon,Pop; Romântico,0
sara bareilles,dear hope,Pop; Romântico,4
relient k,deathbed,Pop/Punk; Gospel/Religioso; Rock,1
relient k,air for free,Pop/Punk; Gospel/Religioso; Rock,3
relient k,my girlfriend,Pop/Punk; Gospel/Religioso; Rock,3
relient k,i so hate consequences,Pop/Punk; Gospel/Religioso; Rock,1
relient k,let it all out,Pop/Punk; Gospel/Religioso; Rock,1
relient k,trademark,Pop/Punk; Gospel/Religioso; Rock,4
relient k,devastation and reform,Pop/Punk; Gospel/Religioso; Rock,3
relient k,lost boy,Pop/Punk; Gospel/Religioso; Rock,1
relient k,bee your man,Pop/Punk; Gospel/Religioso; Rock,1
relient k,cat,Pop/Punk; Gospel/Religioso; Rock,6
relient k,12 days of christmas,Pop/Punk; Gospel/Religioso; Rock,1
relient k,17 magazine,Pop/Punk; Gospel/Religioso; Rock,4
relient k,angels we have heard on high,Pop/Punk; Gospel/Religioso; Rock,3
relient k,apathetic way to be,Pop/Punk; Gospel/Religioso; Rock,5
relient k,at least we made it this far,Pop/Punk; Gospel/Religioso; Rock,5
relient k,baby,Pop/Punk; Gospel/Religioso; Rock,6
relient k,balloon ride,Pop/Punk; Gospel/Religioso; Rock,4
relient k,be my escape,Pop/Punk; Gospel/Religioso; Rock,1
relient k,beaming,Pop/Punk; Gospel/Religioso; Rock,3
relient k,bite my tongue,Pop/Punk; Gospel/Religioso; Rock,5
relient k,breakdown,Pop/Punk; Gospel/Religioso; Rock,4
relient k,candlelight,Pop/Punk; Gospel/Religioso; Rock,3
relient k,charles in charge,Pop/Punk; Gospel/Religioso; Rock,4
relient k,collapsible lung,Pop/Punk; Gospel/Religioso; Rock,5
relient k,college kids,Pop/Punk; Gospel/Religioso; Rock,2
relient k,come right out and say it,Pop/Punk; Gospel/Religioso; Rock,1
relient k,curl up and die,Pop/Punk; Gospel/Religioso; Rock,1
relient k,deck the halls,Pop/Punk; Gospel/Religioso; Rock,4
relient k,disaster,Pop/Punk; Gospel/Religioso; Rock,1
relient k,down in flames,Pop/Punk; Gospel/Religioso; Rock,1
new found glory,3rd and long,Pop/Punk; Punk Rock,5
new found glory,47,Pop/Punk; Punk Rock,5
new found glory,a thousand years,Pop/Punk; Punk Rock,6
new found glory,all about her,Pop/Punk; Punk Rock,1
new found glory,all downhill from here,Pop/Punk; Punk Rock,3
new found glory,angel,Pop/Punk; Punk Rock,5
new found glory,anthem for the unwanted,Pop/Punk; Punk Rock,2
new found glory,backseat,Pop/Punk; Punk Rock,2
new found glory,ballad for the lost romantics,Pop/Punk; Punk Rock,4
new found glory,belated,Pop/Punk; Punk Rock,0
new found glory,better off dead,Pop/Punk; Punk Rock,1
new found glory,black and blue,Pop/Punk; Punk Rock,3
new found glory,boulders,Pop/Punk; Punk Rock,3
new found glory,boy crazy,Pop/Punk; Punk Rock,5
new found glory,broken sound,Pop/Punk; Punk Rock,4
new found glory,caught in the act,Pop/Punk; Punk Rock,1
new found glory,come back bon jovi,Pop/Punk; Punk Rock,3
new found glory,coming home,Pop/Punk; Punk Rock,3
new found glory,connect the dots,Pop/Punk; Punk Rock,5
new found glory,connected,Pop/Punk; Punk Rock,4
new found glory,constant static,Pop/Punk; Punk Rock,1
new found glory,crazy for you,Pop/Punk; Punk Rock,5
new found glory,degenerate,Pop/Punk; Punk Rock,4
new found glory,dig my own grave,Pop/Punk; Punk Rock,3
new found glory,doubt full,Pop/Punk; Punk Rock,6
new found glory,dressed to kill,Pop/Punk; Punk Rock,3
new found glory,drill it in my brain,Pop/Punk; Punk Rock,6
new found glory,dumped,Pop/Punk; Punk Rock,6
new found glory,ending in tragedy,Pop/Punk; Punk Rock,3
new found glory,eye of the tiger,Pop/Punk; Punk Rock,5
alanis morissette,hand in my pocket,Pop/Rock; Rock,1
alanis morissette,ironic,Pop/Rock; Rock,5
alanis morissette,head over feet,Pop/Rock; Rock,5
alanis morissette,you oughta know,Pop/Rock; Rock,2
alanis morissette,you learn,Pop/Rock; Rock,3
alanis morissette,thank u,Pop/Rock; Rock,3
alanis morissette,that i would be good,Pop/Rock; Rock,4
alanis morissette,crazy,Pop/Rock; Rock,6
alanis morissette,uninvited,Pop/Rock; Rock,3
alanis morissette,hands clean,Pop/Rock; Rock,2
alanis morissette,guardian,Pop/Rock; Rock,1
alanis morissette,all i really want,Pop/Rock; Rock,6
alanis morissette,flinch,Pop/Rock; Rock,5
alanis morissette,reasons i drink,Pop/Rock; Rock,1
alanis morissette,perfect,Pop/Rock; Rock,3
alanis morissette,forgiven,Pop/Rock; Rock,3
alanis morissette,olive branch,Pop/Rock; Rock,3
alanis morissette,citizen of the planet,Pop/Rock; Rock,1
alanis morissette,offer,Pop/Rock; Rock,1
alanis morissette,21 things i want in a lover,Pop/Rock; Rock,2
alanis morissette,a man,Pop/Rock; Rock,1
alanis morissette,ablaze,Pop/Rock; Rock,1
alanis morissette,bent 4 u,Pop/Rock; Rock,2
alanis morissette,celebrity,Pop/Rock; Rock,5
alanis morissette,closer than you might believe,Pop/Rock; Rock,5
alanis morissette,comfort,Pop/Rock; Rock,2
alanis morissette,death of cinderella,Pop/Rock; Rock,1
alanis morissette,diagnosis,Pop/Rock; Rock,1
alanis morissette,doth i protest too much,Pop/Rock; Rock,6
alanis morissette,edge of evolution,Pop/Rock; Rock,4
boyce avenue,stand by me,Pop/Rock; Romântico,3
boyce avenue,someone you loved,Pop/Rock; Romântico,1
boyce avenue,you say,Pop/Rock; Romântico,1
boyce avenue,heaven,Pop/Rock; Romântico,5
boyce avenue,perfect,Pop/Rock; Romântico,5
boyce avenue,just the way you are,Pop/Rock; Romântico,1
boyce avenue,someone like you,Pop/Rock; Romântico,1
boyce avenue,wonderful tonight,Pop/Rock; Romântico,4
boyce avenue,fast car,Pop/Rock; Romântico,6
boyce avenue,a thousand miles,Pop/Rock; Romântico,5
boyce avenue,beautiful soul,Pop/Rock; Romântico,2
boyce avenue,a sky full of stars,Pop/Rock; Romântico,3
boyce avenue,a thousand years,Pop/Rock; Romântico,6
boyce avenue,all of me,Pop/Rock; Romântico,5
boyce avenue,anytime,Pop/Rock; Romântico,3
boyce avenue,apologize,Pop/Rock; Romântico,3
boyce avenue,babylon,Pop/Rock; Romântico,1
boyce avenue,bad habits,Pop/Rock; Romântico,6
boyce avenue,best of you,Pop/Rock; Romântico,6
boyce avenue,blackbird,Pop/Rock; Romântico,4
boyce avenue,blame,Pop/Rock; Romântico,1
boyce avenue,bleeding love,Pop/Rock; Romântico,2
boyce avenue,call me maybe,Pop/Rock; Romântico,6
boyce avenue,cheap thrills,Pop/Rock; Romântico,2
boyce avenue,closer,Pop/Rock; Romântico,1
boyce avenue,cold heart,Pop/Rock; Romântico,5
boyce avenue,dare to believe,Pop/Rock; Romântico,1
boyce avenue,daylight,Pop/Rock; Romântico,2
boyce avenue,dream on,Pop/Rock; Romântico,1
boyce avenue,drive,Pop/Rock; Romântico,3
rush,tom sawyer,Progressivo; Rock,4
rush,the spirit of radio,Progressivo; Rock,3
rush,bravado,Progressivo; Rock,4
rush,closer to the heart,Progressivo; Rock,3
rush,limelight,Progressivo; Rock,3
rush,finding my way,Progressivo; Rock,1
rush,time stand still,Progressivo; Rock,5
rush,2112,Progressivo; Rock,5
rush,animate,Progressivo; Rock,4
rush,roll the bones,Progressivo; Rock,6
rush,red sector a,Progressivo; Rock,3
rush,subdivisions,Progressivo; Rock,4
rush,a passage to bangkok,Progressivo; Rock,3
rush,distant early warning,Progressivo; Rock,3
rush,force ten,Progressivo; Rock,4
rush,the garden,Progressivo; Rock,5
rush,xanadu,Progressivo; Rock,3
rush,a farewell to kings,Progressivo; Rock,3
rush,anthem,Progressivo; Rock,1
rush,armor and sword,Progressivo; Rock,2
rush,bastille day,Progressivo; Rock,4
rush,between the wheels,Progressivo; Rock,3
rush,bravest face,Progressivo; Rock,5
rush,bu2b,Progressivo; Rock,4
rush,bu2b2,Progressivo; Rock,4
rush,caravan,Progressivo; Rock,4
rush,carnies,Progressivo; Rock,3
rush,ceiling unlimited,Progressivo; Rock,3
rush,cinderella man,Progressivo; Rock,4
rush,circumstances,Progressivo; Rock,4
the beatles,let it be,Rock; Psicodelia; Pop/Rock,5
the beatles,hey jude,Rock; Psicodelia; Pop/Rock,6
the beatles,here comes the sun,Rock; Psicodelia; Pop/Rock,4
the beatles,something,Rock; Psicodelia; Pop/Rock,3
the beatles,come together,Rock; Psicodelia; Pop/Rock,4
the beatles,i want to hold your hand,Rock; Psicodelia; Pop/Rock,3
the beatles,get back,Rock; Psicodelia; Pop/Rock,6
the beatles,all you need is love,Rock; Psicodelia; Pop/Rock,5
the beatles,while my guitar gently weeps,Rock; Psicodelia; Pop/Rock,4
the beatles,blackbird,Rock; Psicodelia; Pop/Rock,4
the beatles,yellow submarine,Rock; Psicodelia; Pop/Rock,6
the beatles,the long and winding road,Rock; Psicodelia; Pop/Rock,3
the beatles,a day in the life,Rock; Psicodelia; Pop/Rock,2
the beatles,strawberry fields forever,Rock; Psicodelia; Pop/Rock,3
the beatles,twist and shout,Rock; Psicodelia; Pop/Rock,4
the beatles,eleanor rigby,Rock; Psicodelia; Pop/Rock,0
the beatles,across the universe,Rock; Psicodelia; Pop/Rock,5
the beatles,all together now,Rock; Psicodelia; Pop/Rock,4
the beatles,and i love her,Rock; Psicodelia; Pop/Rock,4
the beatles,and your bird can sing,Rock; Psicodelia; Pop/Rock,3
the beatles,ask me why,Rock; Psicodelia; Pop/Rock,3
the beatles,beautiful dreamer,Rock; Psicodelia; Pop/Rock,4
the beatles,because,Rock; Psicodelia; Pop/Rock,3
the beatles,birthday,Rock; Psicodelia; Pop/Rock,3
the beatles,boys,Rock; Psicodelia; Pop/Rock,3
the beatles,carry that weight,Rock; Psicodelia; Pop/Rock,4
the beatles,chains,Rock; Psicodelia; Pop/Rock,4
the beatles,cry baby cry,Rock; Psicodelia; Pop/Rock,5
the beatles,dear prudence,Rock; Psicodelia; Pop/Rock,4
the beatles,devil in her heart,Rock; Psicodelia; Pop/Rock,5
red hot chili peppers,poster child,Rock Alternativo; Rock; Punk Rock,5
red hot chili peppers,californication,Rock Alternativo; Rock; Punk Rock,5
red hot chili peppers,black summer,Rock Alternativo; Rock; Punk Rock,5
red hot chili peppers,otherside,Rock Alternativo; Rock; Punk Rock,6
red hot chili peppers,under the bridge,Rock Alternativo; Rock; Punk Rock,6
red hot chili peppers,scar tissue,Rock Alternativo; Rock; Punk Rock,2
red hot chili peppers,by the way,Rock Alternativo; Rock; Punk Rock,5
red hot chili peppers,dark necessities,Rock Alternativo; Rock; Punk Rock,6
red hot chili peppers,dani california,Rock Alternativo; Rock; Punk Rock,1
red hot chili peppers,around the world,Rock Alternativo; Rock; Punk Rock,1
red hot chili peppers,the zephyr song,Rock Alternativo; Rock; Punk Rock,5
red hot chili peppers,universally speaking,Rock Alternativo; Rock; Punk Rock,3
red hot chili peppers,aeroplane,Rock Alternativo; Rock; Punk Rock,6
red hot chili peppers,give it away,Rock Alternativo; Rock; Punk Rock,6
red hot chili peppers,tell me baby,Rock Alternativo; Rock; Punk Rock,5
red hot chili peppers,soul to squeeze,Rock Alternativo; Rock; Punk Rock,5
red hot chili peppers,goodbye angels,Rock Alternativo; Rock; Punk Rock,6
red hot chili peppers,the adventures of rain dance maggie,Rock Alternativo; Rock; Punk Rock,1
red hot chili peppers,the getaway,Rock Alternativo; Rock; Punk Rock,2
red hot chili peppers,sick love,Rock Alternativo; Rock; Punk Rock,1
red hot chili peppers,the longest wave,Rock Alternativo; Rock; Punk Rock,6
red hot chili peppers,21st century,Rock Alternativo; Rock; Punk Rock,5
red hot chili peppers,a certain someone,Rock Alternativo; Rock; Punk Rock,4
red hot chili peppers,animal bar,Rock Alternativo; Rock; Punk Rock,5
red hot chili peppers,annie wants a baby,Rock Alternativo; Rock; Punk Rock,0
red hot chili peppers,apache rose peacock,Rock Alternativo; Rock; Punk Rock,2
red hot chili peppers,blood sugar sex magik,Rock Alternativo; Rock; Punk Rock,5
red hot chili peppers,brave from afar,Rock Alternativo; Rock; Punk Rock,3
red hot chili peppers,breaking the girl,Rock Alternativo; Rock; Punk Rock,4
red hot chili peppers,cabron,Rock Alternativo; Rock; Punk Rock,6
green day,boulevard of broken dreams,Rock; Punk Rock; Rock Alternativo,6
green day,wake me up when september ends,Rock; Punk Rock; Rock Alternativo,4
green day,basket case,Rock; Punk Rock; Rock Alternativo,3
green day,american idiot,Rock; Punk Rock; Rock Alternativo,4
green day,holiday,Rock; Punk Rock; Rock Alternativo,1
green day,21 guns,Rock; Punk Rock; Rock Alternativo,5
green day,jesus of suburbia,Rock; Punk Rock; Rock Alternativo,1
green day,when i come around,Rock; Punk Rock; Rock Alternativo,3
green day,she,Rock; Punk Rock; Rock Alternativo,4
green day,welcome to paradise,Rock; Punk Rock; Rock Alternativo,2
green day,last night on earth,Rock; Punk Rock; Rock Alternativo,3
green day,nice guys finish last,Rock; Punk Rock; Rock Alternativo,3
green day,homecoming,Rock; Punk Rock; Rock Alternativo,6
green day,21st century breakdown,Rock; Punk Rock; Rock Alternativo,5
green day,minority,Rock; Punk Rock; Rock Alternativo,5
green day,outsider,Rock; Punk Rock; Rock Alternativo,3
green day,sweet 16,Rock; Punk Rock; Rock Alternativo,3
green day,2000 light years away,Rock; Punk Rock; Rock Alternativo,4
green day,8th avenue serenade,Rock; Punk Rock; Rock Alternativo,3
green day,99 revolutions,Rock; Punk Rock; Rock Alternativo,4
green day,a little boy named train,Rock; Punk Rock; Rock Alternativo,6
green day,all the time,Rock; Punk Rock; Rock Alternativo,3
green day,amanda,Rock; Punk Rock; Rock Alternativo,4
green day,angel blue,Rock; Punk Rock; Rock Alternativo,5
green day,are we the waiting,Rock; Punk Rock; Rock Alternativo,4
green day,ashley,Rock; Punk Rock; Rock Alternativo,5
green day,baby eyes,Rock; Punk Rock; Rock Alternativo,3
green day,back in the usa,Rock; Punk Rock; Rock Alternativo,3
green day,bang bang,Rock; Punk Rock; Rock Alternativo,1
green day,before the lobotomy,Rock; Punk Rock; Rock Alternativo,5
bad religion,1000 memories,Punk Rock; Rock,3
bad religion,52 seconds,Punk Rock; Rock,3
bad religion,a streetkid named desire,Punk Rock; Rock,1
bad religion,a world without melody,Punk Rock; Rock,1
bad religion,ad hominem,Punk Rock; Rock,5
bad religion,age of unreason,Punk Rock; Rock,1
bad religion,all there is,Punk Rock; Rock,5
bad religion,american jesus,Punk Rock; Rock,1
bad religion,atheist peace,Punk Rock; Rock,4
bad religion,avalon,Punk Rock; Rock,6
bad religion,before you die,Punk Rock; Rock,3
bad religion,believe it,Punk Rock; Rock,3
bad religion,best for you,Punk Rock; Rock,3
bad religion,beyond electric dreams,Punk Rock; Rock,5
bad religion,big black dog,Punk Rock; Rock,3
bad religion,boot stamping on a human face forever,Punk Rock; Rock,6
bad religion,bored and extremely dangerous,Punk Rock; Rock,4
bad religion,broken,Punk Rock; Rock,6
bad religion,candidate,Punk Rock; Rock,3
bad religion,changing tide,Punk Rock; Rock,4
bad religion,chaos from within,Punk Rock; Rock,4
bad religion,crisis time,Punk Rock; Rock,4
bad religion,cyanide,Punk Rock; Rock,1
bad religion,dearly beloved,Punk Rock; Rock,0
bad religion,destined for nothing,Punk Rock; Rock,5
bad religion,dharma and the bomb,Punk Rock; Rock,3
bad religion,do the paranoid style,Punk Rock; Rock,6
bad religion,downfall,Punk Rock; Rock,3
bad religion,emancipation of the mind,Punk Rock; Rock,3
bad religion,end of history,Punk Rock; Rock,3
mxpx,punk rawk show,Punk Rock,5
mxpx,the darkest places,Punk Rock,1
mxpx,wrecking hotel rooms,Punk Rock,5
mxpx,1 and 3,Punk Rock,5
mxpx,aces up,Punk Rock,4
mxpx,angels,Punk Rock,1
mxpx,bass so low,Punk Rock,4
mxpx,best of times,Punk Rock,3
mxpx,breathe deep,Punk Rock,0
mxpx,buildings tumble,Punk Rock,4
mxpx,call in sick,Punk Rock,5
mxpx,cast down my heart,Punk Rock,3
mxpx,chick magnet,Punk Rock,4
mxpx,christmas day,Punk Rock,1
mxpx,cold and all alone,Punk Rock,3
mxpx,cold streets,Punk Rock,1
mxpx,contention,Punk Rock,3
mxpx,do your feet hurt,Punk Rock,3
mxpx,doing time,Punk Rock,3
mxpx,dolores,Punk Rock,4
mxpx,drowning,Punk Rock,6
mxpx,educated guess,Punk Rock,3
mxpx,emotional anarchist,Punk Rock,4
mxpx,every light,Punk Rock,4
mxpx,far away,Punk Rock,4
mxpx,first day of the rest of our lives,Punk Rock,1
mxpx,foolish,Punk Rock,6
mxpx,for always,Punk Rock,4
mxpx,get me out,Punk Rock,3
mxpx,grey skies turn blue,Punk Rock,1
less than jake,welcome to the new south,Punk Rock; Rock; Ska,1
less than jake,1989,Punk Rock; Rock; Ska,1
less than jake,24 hours in paramus,Punk Rock; Rock; Ska,3
less than jake,a return to headphones,Punk Rock; Rock; Ska,5
less than jake,a still life franchise,Punk Rock; Rock; Ska,5
less than jake,abandon ship,Punk Rock; Rock; Ska,1
less than jake,bad scene and a basement show,Punk Rock; Rock; Ska,3
less than jake,big,Punk Rock; Rock; Ska,4
less than jake,bigger picture,Punk Rock; Rock; Ska,4
less than jake,blindsided,Punk Rock; Rock; Ska,3
less than jake,bomb drop,Punk Rock; Rock; Ska,5
less than jake,boomtown,Punk Rock; Rock; Ska,4
less than jake,bridge and tunnel authority,Punk Rock; Rock; Ska,4
less than jake,city of gainesville,Punk Rock; Rock; Ska,3
less than jake,conviction notice,Punk Rock; Rock; Ska,1
less than jake,descant,Punk Rock; Rock; Ska,3
less than jake,devil in my dna,Punk Rock; Rock; Ska,1
less than jake,done and dusted,Punk Rock; Rock; Ska,6
less than jake,down in the mission,Punk Rock; Rock; Ska,4
less than jake,downbeat,Punk Rock; Rock; Ska,3
less than jake,dukes of hazzard,Punk Rock; Rock; Ska,4
less than jake,evil has no boundaries,Punk Rock; Rock; Ska,4
less than jake,faction,Punk Rock; Rock; Ska,3
less than jake,fall apart,Punk Rock; Rock; Ska,1
less than jake,finer points of forgiveness,Punk Rock; Rock; Ska,1
less than jake,freeze frame,Punk Rock; Rock; Ska,3
less than jake,fucked,Punk Rock; Rock; Ska,4
less than jake,gainesville rock city,Punk Rock; Rock; Ska,3
less than jake,glumble,Punk Rock; Rock; Ska,4
less than jake,golden age of my negative ways,Punk Rock; Rock; Ska,4
nas,one love,Rap,5
nas,purple,Rap,1
nas,drunk by myself,Rap,6
nas,get down,Rap,2
nas,i can,Rap,5
nas,street dreams,Rap,2
nas,the world is yours,Rap,1
nas,10 points,Rap,1
nas,27 summers,Rap,5
nas,2nd childhood,Rap,2
nas,40 side,Rap,1
nas,a queens story,Rap,1
nas,accident murderers,Rap,5
nas,america,Rap,5
nas,back when,Rap,1
nas,black president,Rap,2
nas,black zombie,Rap,5
nas,blaze a 50,Rap,1
nas,blue benz,Rap,5
nas,blunt ashes,Rap,2
nas,book of rhymes,Rap,1
nas,breathe,Rap,2
nas,bye baby,Rap,5
nas,carry on tradition,Rap,1
nas,dance,Rap,5
nas,daughters,Rap,2
nas,death row east,Rap,1
nas,dedicated,Rap,1
nas,disciple,Rap,1
nas,doo rags,Rap,5
311,love song,Rock; Surf Music; Reggae,4
311,amber,Rock; Surf Music; Reggae,4
311,sometimes jacks rule the realm,Rock; Surf Music; Reggae,5
311,from chaos,Rock; Surf Music; Reggae,2
311,beautiful disaster,Rock; Surf Music; Reggae,2
311,same mistake twice,Rock; Surf Music; Reggae,0
311,ebb and flow,Rock; Surf Music; Reggae,2
311,revelation of the year,Rock; Surf Music; Reggae,1
311,do you right,Rock; Surf Music; Reggae,1
311,give me a call,Rock; Surf Music; Reggae,1
311,wake your mind up,Rock; Surf Music; Reggae,5
311,five of everything,Rock; Surf Music; Reggae,2
311,showdown,Rock; Surf Music; Reggae,2
311,sunset in july,Rock; Surf Music; Reggae,5
311,born to live,Rock; Surf Music; Reggae,1
311,still dreaming,Rock; Surf Music; Reggae,1
311,seems uncertain,Rock; Surf Music; Reggae,3
311,reconsider everything,Rock; Surf Music; Reggae,3
311,all mixed up,Rock; Surf Music; Reggae,5
311,and a ways to go,Rock; Surf Music; Reggae,6
311,better space,Rock; Surf Music; Reggae,5
311,beyond the gray sky,Rock; Surf Music; Reggae,3
311,bomb the town,Rock; Surf Music; Reggae,5
311,boom shanka,Rock; Surf Music; Reggae,5
311,champagne,Rock; Surf Music; Reggae,2
311,charge it up,Rock; Surf Music; Reggae,6
311,come original,Rock; Surf Music; Reggae,5
311,count me in,Rock; Surf Music; Reggae,1
311,crack the code,Rock; Surf Music; Reggae,6
311,crossfire,Rock; Surf Music; Reggae,1
bruce springsteen,dancing in the dark,Rock,5
bruce springsteen,born in the usa,Rock,2
bruce springsteen,born to run,Rock,5
bruce springsteen,secret garden,Rock,4
bruce springsteen,pay me my money down,Rock,5
bruce springsteen,the ghost of tom joad,Rock,5
bruce springsteen,thunder road,Rock,5
bruce springsteen,janey needs a shooter,Rock,5
bruce springsteen,my hometown,Rock,6
bruce springsteen,tougher than the rest,Rock,3
bruce springsteen,letter to you,Rock,1
bruce springsteen,badlands,Rock,5
bruce springsteen,fire,Rock,3
bruce springsteen,the river,Rock,1
bruce springsteen,incident on 57th street,Rock,1
bruce springsteen,action in the streets,Rock,4
bruce springsteen,all the way home,Rock,3
bruce springsteen,american land,Rock,5
bruce springsteen,atlantic city,Rock,1
bruce springsteen,backstreets,Rock,1
bruce springsteen,because the night,Rock,0
bruce springsteen,better days,Rock,1
bruce springsteen,black cowboys,Rock,1
bruce springsteen,breakaway,Rock,5
bruce springsteen,brilliant disguise,Rock,5
bruce springsteen,buffalo gals,Rock,5
bruce springsteen,chimes of freedom,Rock,1
bruce springsteen,city of night,Rock,4
bruce springsteen,darkness on the edge of town,Rock,5
bruce springsteen,down in the hole,Rock,1
incubus,drive,Rock; Rock Alternativo,3
incubus,wish you were here,Rock; Rock Alternativo,4
incubus,adolescents,Rock; Rock Alternativo,3
incubus,dig,Rock; Rock Alternativo,3
incubus,love hurts,Rock; Rock Alternativo,1
incubus,megalomaniac,Rock; Rock Alternativo,3
incubus,i miss you,Rock; Rock Alternativo,3
incubus,anna molly,Rock; Rock Alternativo,1
incubus,pardon me,Rock; Rock Alternativo,5
incubus,our love,Rock; Rock Alternativo,3
incubus,into the summer,Rock; Rock Alternativo,1
incubus,state of the art,Rock; Rock Alternativo,5
incubus,talk shows on mute,Rock; Rock Alternativo,4
incubus,stellar,Rock; Rock Alternativo,3
incubus,nice to know you,Rock; Rock Alternativo,6
incubus,undefeated,Rock; Rock Alternativo,3
incubus,a crow left of the murder,Rock; Rock Alternativo,4
incubus,warning,Rock; Rock Alternativo,4
incubus,just a phase,Rock; Rock Alternativo,3
incubus,a kiss to send us off,Rock; Rock Alternativo,3
incubus,11am,Rock; Rock Alternativo,5
incubus,a certain shade of green,Rock; Rock Alternativo,1
incubus,absolution calling,Rock; Rock Alternativo,2
incubus,admiration,Rock; Rock Alternativo,0
incubus,agoraphobia,Rock; Rock Alternativo,2
incubus,anything,Rock; Rock Alternativo,3
incubus,aqueous transmission,Rock; Rock Alternativo,3
incubus,black heart inertia,Rock; Rock Alternativo,1
incubus,blood on the ground,Rock; Rock Alternativo,5
incubus,circles,Rock; Rock Alternativo,3
the beach boys,kokomo,Surf Music; Rock,1
the beach boys,be true to your school,Surf Music; Rock,5
the beach boys,good vibrations,Surf Music; Rock,3
the beach boys,god only knows,Surf Music; Rock,1
the beach boys,california girls,Surf Music; Rock,4
the beach boys,please let me wonder,Surf Music; Rock,3
the beach boys,little deuce coupe,Surf Music; Rock,1
the beach boys,hushabye,Surf Music; Rock,3
the beach boys,big sur,Surf Music; Rock,1
the beach boys,409,Surf Music; Rock,6
the beach boys,add some music to your day,Surf Music; Rock,5
the beach boys,all summer long,Surf Music; Rock,2
the beach boys,all this is that,Surf Music; Rock,5
the beach boys,auld lang syne,Surf Music; Rock,3
the beach boys,barbara ann,Surf Music; Rock,5
the beach boys,beaches in mind,Surf Music; Rock,1
the beach boys,bells of christmas,Surf Music; Rock,3
the beach boys,blue christmas,Surf Music; Rock,4
the beach boys,brian wilson christmas interview,Surf Music; Rock,1
the beach boys,catch a wave,Surf Music; Rock,1
the beach boys,child is father of the man,Surf Music; Rock,3
the beach boys,christmas day,Surf Music; Rock,3
the beach boys,come go with me,Surf Music; Rock,5
the beach boys,daybreak over the ocean,Surf Music; Rock,6
the beach boys,deirdre,Surf Music; Rock,5
the beach boys,dennis wilson christmas message,Surf Music; Rock,4
the beach boys,disney girls,Surf Music; Rock,1
the beach boys,do it again,Surf Music; Rock,4
the beach boys,feel flows,Surf Music; Rock,3
the beach boys,forever,Surf Music; Rock,4
seether,wasteland,Rock; Hard Rock; Grunge,3
seether,careless whisper,Rock; Hard Rock; Grunge,5
seether,fine again,Rock; Hard Rock; Grunge,5
seether,liar,Rock; Hard Rock; Grunge,2
seether,weak,Rock; Hard Rock; Grunge,2
seether,the gift,Rock; Hard Rock; Grunge,2
seether,breakdown,Rock; Hard Rock; Grunge,6
seether,driven under,Rock; Hard Rock; Grunge,2
seether,love her,Rock; Hard Rock; Grunge,0
seether,save today,Rock; Hard Rock; Grunge,5
seether,never leave,Rock; Hard Rock; Grunge,3
seether,immortality,Rock; Hard Rock; Grunge,4
seether,words as weapons,Rock; Hard Rock; Grunge,2
seether,drift away,Rock; Hard Rock; Grunge,6
seether,failure,Rock; Hard Rock; Grunge,1
seether,nobody praying for me,Rock; Hard Rock; Grunge,6
seether,truth,Rock; Hard Rock; Grunge,3
seether,betray and degrade,Rock; Hard Rock; Grunge,6
seether,your bore,Rock; Hard Rock; Grunge,1
seether,fuck it,Rock; Hard Rock; Grunge,2
seether,sold me,Rock; Hard Rock; Grunge,5
seether,6 gun quota,Rock; Hard Rock; Grunge,1
seether,69 tea,Rock; Hard Rock; Grunge,4
seether,against the wall,Rock; Hard Rock; Grunge,3
seether,because of me,Rock; Hard Rock; Grunge,5
seether,beg,Rock; Hard Rock; Grunge,3
seether,bruised and bloodied,Rock; Hard Rock; Grunge,3
seether,burrito,Rock; Hard Rock; Grunge,3
seether,cigarettes,Rock; Hard Rock; Grunge,3
seether,count me out,Rock; Hard Rock; Grunge,1
jimmy eat world,the middle,Rock,2
jimmy eat world,23,Rock,6
jimmy eat world,555,Rock,1
jimmy eat world,a praise chorus,Rock,1
jimmy eat world,a sunday,Rock,3
jimmy eat world,action needs an audience,Rock,3
jimmy eat world,always be,Rock,2
jimmy eat world,anais,Rock,5
jimmy eat world,appreciation,Rock,3
jimmy eat world,be sensible,Rock,1
jimmy eat world,believe in what you want,Rock,4
jimmy eat world,big casino,Rock,6
jimmy eat world,bleed american,Rock,1
jimmy eat world,blister,Rock,1
jimmy eat world,carry you,Rock,5
jimmy eat world,cautioners,Rock,3
jimmy eat world,chase this light,Rock,2
jimmy eat world,christmas card,Rock,3
jimmy eat world,clarity,Rock,1
jimmy eat world,closer,Rock,3
jimmy eat world,congratulations,Rock,4
jimmy eat world,criminal energy,Rock,1
jimmy eat world,crush,Rock,4
jimmy eat world,cut,Rock,3
jimmy eat world,damage,Rock,3
jimmy eat world,delivery,Rock,2
jimmy eat world,diamond,Rock,6
jimmy eat world,disintegration,Rock,4
jimmy eat world,distraction,Rock,4
jimmy eat world,dizzy,Rock,6
ryan adams,gimme something good,Rock,4
ryan adams,when the stars go blue,Rock,3
ryan adams,oh my sweet carolina,Rock,1
ryan adams,fuck the rain,Rock,3
ryan adams,if i am a stranger,Rock,1
ryan adams,burning photographs,Rock,5
ryan adams,baby i love you,Rock,3
ryan adams,answering bell,Rock,3
ryan adams,please do not let me go,Rock,3
ryan adams,lucky now,Rock,3
ryan adams,in my time of need,Rock,5
ryan adams,1974,Rock,3
ryan adams,29,Rock,1
ryan adams,afraid not scared,Rock,4
ryan adams,all you had to do was stay,Rock,1
ryan adams,am i safe,Rock,2
ryan adams,amy,Rock,3
ryan adams,anybody wanna take me home,Rock,5
ryan adams,avalanche,Rock,4
ryan adams,bad blood,Rock,1
ryan adams,bartering lines,Rock,4
ryan adams,big colors,Rock,3
ryan adams,blank space,Rock,2
ryan adams,blue sky blues,Rock,0
ryan adams,boys,Rock,3
ryan adams,call me on your way back home,Rock,4
ryan adams,carolina rain,Rock,2
ryan adams,chains of love,Rock,3
ryan adams,clean,Rock,1
ryan adams,come home,Rock,6
tori amos,speaking with trees,Rock,3
tori amos,bouncing off clouds,Rock,2
tori amos,16 shades of blue,Rock,1
tori amos,500 miles,Rock,6
tori amos,abnormally attracted to sin,Rock,4
tori amos,addition of light divided,Rock,3
tori amos,almost rosey,Rock,1
tori amos,amber waves,Rock,5
tori amos,america,Rock,5
tori amos,angels,Rock,6
tori amos,angie,Rock,4
tori amos,baker baker,Rock,4
tori amos,bang,Rock,1
tori amos,barons of suburbia,Rock,1
tori amos,battle of trees,Rock,1
tori amos,beauty of speed,Rock,2
tori amos,big wheel,Rock,5
tori amos,body and soul,Rock,1
tori amos,broken arrow,Rock,3
tori amos,cactus practice,Rock,2
tori amos,carbon,Rock,4
tori amos,carry,Rock,3
tori amos,cars and guitars,Rock,1
tori amos,china,Rock,3
tori amos,climb,Rock,5
tori amos,cloud on my tongue,Rock,2
tori amos,cloud riders,Rock,1
tori amos,code red,Rock,1
tori amos,concertina,Rock,3
tori amos,cornflake girl,Rock,4
