artist_name,song_name,genres
snoop dogg,lay low,Hip Hop; Rap; Black Music
snoop dogg,crip ya enthusiasm,Hip Hop; Rap; Black Music
snoop dogg,still smokin,Hip Hop; Rap; Black Music
snoop dogg,1st we blaze it up,Hip Hop; Rap; Black Music
snoop dogg,2 minute warning,Hip Hop; Rap; Black Music
snoop dogg,a bitch i knew,Hip Hop; Rap; Black Music
snoop dogg,back up off me,Hip Hop; Rap; Black Music
snoop dogg,bang out,Hip Hop; Rap; Black Music
snoop dogg,beat up on yo pads,Hip Hop; Rap; Black Music
snoop dogg,been around tha world,Hip Hop; Rap; Black Music
snoop dogg,bitch please,Hip Hop; Rap; Black Music
snoop dogg,breathe it in,Hip Hop; Rap; Black Music
snoop dogg,bring it on,Hip Hop; Rap; Black Music
snoop dogg,can i get a flicc witchu,Hip Hop; Rap; Black Music
snoop dogg,catch a vibe,Hip Hop; Rap; Black Music
snoop dogg,ceo,Hip Hop; Rap; Black Music
snoop dogg,cool,Hip Hop; Rap; Black Music
snoop dogg,crazy,Hip Hop; Rap; Black Music
snoop dogg,deez hollywood nights,Hip Hop; Rap; Black Music
snoop dogg,doggfather,Hip Hop; Rap; Black Music
snoop dogg,doggystylin,Hip Hop; Rap; Black Music
snoop dogg,focused,Hip Hop; Rap; Black Music
snoop dogg,from long beach 2 brick city,Hip Hop; Rap; Black Music
snoop dogg,from tha chuuuch to da palace,Hip Hop; Rap; Black Music
snoop dogg,g bedtime stories,Hip Hop; Rap; Black Music
snoop dogg,gangsta like me,Hip Hop; Rap; Black Music
snoop dogg,gin and juice,Hip Hop; Rap; Black Music
snoop dogg,girl like u,Hip Hop; Rap; Black Music
snoop dogg,go away,Hip Hop; Rap; Black Music
snoop dogg,gun smoke,Hip Hop; Rap; Black Music
chris brown,with you,Rap; Hip Hop; Pop
chris brown,say goodbye,Rap; Hip Hop; Pop
chris brown,under the influence,Rap; Hip Hop; Pop
chris brown,hope you do,Rap; Hip Hop; Pop
chris brown,indigo,Rap; Hip Hop; Pop
chris brown,iffy,Rap; Hip Hop; Pop
chris brown,gimme that,Rap; Hip Hop; Pop
chris brown,wall to wall,Rap; Hip Hop; Pop
chris brown,back to sleep,Rap; Hip Hop; Pop
chris brown,2012,Rap; Hip Hop; Pop
chris brown,4 years old,Rap; Hip Hop; Pop
chris brown,add me in,Rap; Hip Hop; Pop
chris brown,all back,Rap; Hip Hop; Pop
chris brown,back to love,Rap; Hip Hop; Pop
chris brown,bassline,Rap; Hip Hop; Pop
chris brown,beg for it,Rap; Hip Hop; Pop
chris brown,biggest fan,Rap; Hip Hop; Pop
chris brown,body shots,Rap; Hip Hop; Pop
chris brown,confidence,Rap; Hip Hop; Pop
chris brown,covered in you,Rap; Hip Hop; Pop
chris brown,crawl,Rap; Hip Hop; Pop
chris brown,damage,Rap; Hip Hop; Pop
chris brown,everybody knows,Rap; Hip Hop; Pop
chris brown,fallin down,Rap; Hip Hop; Pop
chris brown,famous girl,Rap; Hip Hop; Pop
chris brown,fine china,Rap; Hip Hop; Pop
chris brown,flashbacks,Rap; Hip Hop; Pop
chris brown,forever,Rap; Hip Hop; Pop
chris brown,get at ya,Rap; Hip Hop; Pop
chris brown,gimme whatcha got,Rap; Hip Hop; Pop
lil wayne,lollipop,R&B; Black Music; Rap
lil wayne,how to love,R&B; Black Music; Rap
lil wayne,twist made me,R&B; Black Music; Rap
lil wayne,3 peat,R&B; Black Music; Rap
lil wayne,500 degreez,R&B; Black Music; Rap
lil wayne,a milli,R&B; Black Music; Rap
lil wayne,american star,R&B; Black Music; Rap
lil wayne,back to you,R&B; Black Music; Rap
lil wayne,best rapper alive,R&B; Black Music; Rap
lil wayne,bill gates,R&B; Black Music; Rap
lil wayne,biznite,R&B; Black Music; Rap
lil wayne,bloodline,R&B; Black Music; Rap
lil wayne,blunt blowin,R&B; Black Music; Rap
lil wayne,bring it back,R&B; Black Music; Rap
lil wayne,carter ii,R&B; Black Music; Rap
lil wayne,cash money millionaires,R&B; Black Music; Rap
lil wayne,comfortable,R&B; Black Music; Rap
lil wayne,da da da,R&B; Black Music; Rap
lil wayne,dedicate,R&B; Black Music; Rap
lil wayne,demon,R&B; Black Music; Rap
lil wayne,dontgetit,R&B; Black Music; Rap
lil wayne,everything,R&B; Black Music; Rap
lil wayne,feel me,R&B; Black Music; Rap
lil wayne,fireman,R&B; Black Music; Rap
lil wayne,fly in,R&B; Black Music; Rap
lil wayne,fly out,R&B; Black Music; Rap
lil wayne,gangsta and pimps,R&B; Black Music; Rap
lil wayne,gangsta shit,R&B; Black Music; Rap
lil wayne,get a life,R&B; Black Music; Rap
lil wayne,get down,R&B; Black Music; Rap
prince,purple rain,R&B; Black Music; Funk
prince,1999,R&B; Black Music; Funk
prince,little red corvette,R&B; Black Music; Funk
prince,jungle love,R&B; Black Music; Funk
prince,7,R&B; Black Music; Funk
prince,somewhere here on earth,R&B; Black Music; Funk
prince,100 mph,R&B; Black Music; Funk
prince,2 nigs united 4 west compton,R&B; Black Music; Funk
prince,2045 radical man,R&B; Black Music; Funk
prince,3121,R&B; Black Music; Funk
prince,4ever,R&B; Black Music; Funk
prince,a case of u,R&B; Black Music; Funk
prince,a million days,R&B; Black Music; Funk
prince,adore,R&B; Black Music; Funk
prince,all the midnights in the world,R&B; Black Music; Funk
prince,anna stesia,R&B; Black Music; Funk
prince,art official cage,R&B; Black Music; Funk
prince,avalanche,R&B; Black Music; Funk
prince,beautiful strange,R&B; Black Music; Funk
prince,black muse,R&B; Black Music; Funk
prince,black sweat,R&B; Black Music; Funk
prince,born 2 die,R&B; Black Music; Funk
prince,breakdown,R&B; Black Music; Funk
prince,breakfast can wait,R&B; Black Music; Funk
prince,call my name,R&B; Black Music; Funk
prince,chelsea rodgers,R&B; Black Music; Funk
prince,cinnamon girl,R&B; Black Music; Funk
prince,clouds,R&B; Black Music; Funk
prince,controversy,R&B; Black Music; Funk
prince,cream,R&B; Black Music; Funk
elvis presley,suspicious minds,Rockabilly; Romântico; Rock
elvis presley,always on my mind,Rockabilly; Romântico; Rock
elvis presley,love me tender,Rockabilly; Romântico; Rock
elvis presley,my way,Rockabilly; Romântico; Rock
elvis presley,bridge over troubled water,Rockabilly; Romântico; Rock
elvis presley,unchained melody,Rockabilly; Romântico; Rock
elvis presley,amazing grace,Rockabilly; Romântico; Rock
elvis presley,jailhouse rock,Rockabilly; Romântico; Rock
elvis presley,burning love,Rockabilly; Romântico; Rock
elvis presley,kiss me quick,Rockabilly; Romântico; Rock
elvis presley,if i can dream,Rockabilly; Romântico; Rock
elvis presley,the wonder of you,Rockabilly; Romântico; Rock
elvis presley,and i love you so,Rockabilly; Romântico; Rock
elvis presley,blue suede shoes,Rockabilly; Romântico; Rock
elvis presley,a little less conversation,Rockabilly; Romântico; Rock
elvis presley,a hundred years from now,Rockabilly; Romântico; Rock
elvis presley,a mess of blues,Rockabilly; Romântico; Rock
elvis presley,a thing called love,Rockabilly; Romântico; Rock
elvis presley,all shook up,Rockabilly; Romântico; Rock
elvis presley,all that i am,Rockabilly; Romântico; Rock
elvis presley,an american trilogy,Rockabilly; Romântico; Rock
elvis presley,an evening prayer,Rockabilly; Romântico; Rock
elvis presley,any day now,Rockabilly; Romântico; Rock
elvis presley,are you lonesome tonight,Rockabilly; Romântico; Rock
elvis presley,baby lets play house,Rockabilly; Romântico; Rock
elvis presley,baby what you want me to do,Rockabilly; Romântico; Rock
elvis presley,blue christmas,Rockabilly; Romântico; Rock
elvis presley,blue hawaii,Rockabilly; Romântico; Rock
elvis presley,blue moon of kentucky,Rockabilly; Romântico; Rock
elvis presley,bosom of abraham,Rockabilly; Romântico; Rock
john mayer,gravity,Romântico; Blues; Pop/Rock
john mayer,slow dancing in a burning room,Romântico; Blues; Pop/Rock
john mayer,xo,Romântico; Blues; Pop/Rock
john mayer,heartbreak warfare,Romântico; Blues; Pop/Rock
john mayer,your body is a wonderland,Romântico; Blues; Pop/Rock
john mayer,daughters,Romântico; Blues; Pop/Rock
john mayer,waiting on the world to change,Romântico; Blues; Pop/Rock
john mayer,3x5,Romântico; Blues; Pop/Rock
john mayer,half of my heart,Romântico; Blues; Pop/Rock
john mayer,last train home,Romântico; Blues; Pop/Rock
john mayer,neon,Romântico; Blues; Pop/Rock
john mayer,my stupid mouth,Romântico; Blues; Pop/Rock
john mayer,belief,Romântico; Blues; Pop/Rock
john mayer,who says,Romântico; Blues; Pop/Rock
john mayer,carry me away,Romântico; Blues; Pop/Rock
john mayer,stop this train,Romântico; Blues; Pop/Rock
john mayer,no such thing,Romântico; Blues; Pop/Rock
john mayer,in your atmosphere,Romântico; Blues; Pop/Rock
john mayer,the heart of life,Romântico; Blues; Pop/Rock
john mayer,83,Romântico; Blues; Pop/Rock
john mayer,a face to call home,Romântico; Blues; Pop/Rock
john mayer,all i want is to be with you,Romântico; Blues; Pop/Rock
john mayer,all we ever do is say goodbye,Romântico; Blues; Pop/Rock
john mayer,another kind of green,Romântico; Blues; Pop/Rock
john mayer,assassin,Romântico; Blues; Pop/Rock
john mayer,back to you,Romântico; Blues; Pop/Rock
john mayer,badge and gun,Romântico; Blues; Pop/Rock
john mayer,bold as love,Romântico; Blues; Pop/Rock
john mayer,born and raised,Romântico; Blues; Pop/Rock
john mayer,call me the breeze,Romântico; Blues; Pop/Rock
michael bublé,home,Romântico; Jazz; Blues
michael bublé,everything,Romântico; Jazz; Blues
michael bublé,feeling good,Romântico; Jazz; Blues
michael bublé,my valentine,Romântico; Jazz; Blues
michael bublé,sway,Romântico; Jazz; Blues
michael bublé,close your eyes,Romântico; Jazz; Blues
michael bublé,when i fall in love,Romântico; Jazz; Blues
michael bublé,save the last dance for me,Romântico; Jazz; Blues
michael bublé,i only have eyes for you,Romântico; Jazz; Blues
michael bublé,lost,Romântico; Jazz; Blues
michael bublé,the way you look tonight,Romântico; Jazz; Blues
michael bublé,love you anymore,Romântico; Jazz; Blues
michael bublé,my funny valentine,Romântico; Jazz; Blues
michael bublé,all i do is dream of you,Romântico; Jazz; Blues
michael bublé,all i want for christmas is you,Romântico; Jazz; Blues
michael bublé,all of me,Romântico; Jazz; Blues
michael bublé,always on my mind,Romântico; Jazz; Blues
michael bublé,anyone to love,Romântico; Jazz; Blues
michael bublé,at this moment,Romântico; Jazz; Blues
michael bublé,best of me,Romântico; Jazz; Blues
michael bublé,blue christmas,Romântico; Jazz; Blues
michael bublé,call me irresponsible,Romântico; Jazz; Blues
michael bublé,cold december night,Romântico; Jazz; Blues
michael bublé,come dance with me,Romântico; Jazz; Blues
michael bublé,come fly with me,Romântico; Jazz; Blues
michael bublé,crazy little thing called love,Romântico; Jazz; Blues
michael bublé,crazy love,Romântico; Jazz; Blues
michael bublé,cry me a river,Romântico; Jazz; Blues
michael bublé,down with love,Romântico; Jazz; Blues
michael bublé,end of may,Romântico; Jazz; Blues
eric clapton,tears in heaven,Rock; Blues
eric clapton,wonderful tonight,Rock; Blues
eric clapton,layla,Rock; Blues
eric clapton,change the world,Rock; Blues
eric clapton,cocaine,Rock; Blues
eric clapton,this has gotta stop,Rock; Blues
eric clapton,i shot the sheriff,Rock; Blues
eric clapton,love comes to everyone,Rock; Blues
eric clapton,river of tears,Rock; Blues
eric clapton,holy mother,Rock; Blues
eric clapton,stand and deliver,Rock; Blues
eric clapton,double trouble,Rock; Blues
eric clapton,hoochie coochie man,Rock; Blues
eric clapton,promises,Rock; Blues
eric clapton,christmas tears,Rock; Blues
eric clapton,little queen of spades,Rock; Blues
eric clapton,after midnight,Rock; Blues
eric clapton,alabama woman blues,Rock; Blues
eric clapton,autumn leaves,Rock; Blues
eric clapton,back home,Rock; Blues
eric clapton,bad boy,Rock; Blues
eric clapton,badge,Rock; Blues
eric clapton,believe in life,Rock; Blues
eric clapton,bell bottom blues,Rock; Blues
eric clapton,born to lose,Rock; Blues
eric clapton,born under a bad sign,Rock; Blues
eric clapton,broken down,Rock; Blues
eric clapton,call me the breeze,Rock; Blues
eric clapton,catch the blues,Rock; Blues
eric clapton,come back baby,Rock; Blues
bob dylan,like a rolling stone,Folk; Rock; Country
bob dylan,hurricane,Folk; Rock; Country
bob dylan,lay lady lay,Folk; Rock; Country
bob dylan,masters of war,Folk; Rock; Country
bob dylan,forever young,Folk; Rock; Country
bob dylan,all along the watchtower,Folk; Rock; Country
bob dylan,jokerman,Folk; Rock; Country
bob dylan,make you feel my love,Folk; Rock; Country
bob dylan,mother of muses,Folk; Rock; Country
bob dylan,beyond the horizon,Folk; Rock; Country
bob dylan,black rider,Folk; Rock; Country
bob dylan,born in time,Folk; Rock; Country
bob dylan,buckets of rain,Folk; Rock; Country
bob dylan,bye and bye,Folk; Rock; Country
bob dylan,cocaine blues,Folk; Rock; Country
bob dylan,cold irons bound,Folk; Rock; Country
bob dylan,crossing the rubicon,Folk; Rock; Country
bob dylan,diamond joe,Folk; Rock; Country
bob dylan,dignity,Folk; Rock; Country
bob dylan,dirt road blues,Folk; Rock; Country
bob dylan,duquesne whistle,Folk; Rock; Country
bob dylan,early roman kings,Folk; Rock; Country
bob dylan,everything is broken,Folk; Rock; Country
bob dylan,false prophet,Folk; Rock; Country
bob dylan,forgetful heart,Folk; Rock; Country
bob dylan,full moon and empty arms,Folk; Rock; Country
bob dylan,girl from the north country,Folk; Rock; Country
bob dylan,god knows,Folk; Rock; Country
bob dylan,gonna change my way of thinking,Folk; Rock; Country
bob dylan,goodbye jimmy reed,Folk; Rock; Country
the black keys,little black submarines,Rock Alternativo; Indie; Rock
the black keys,lonely boy,Rock Alternativo; Indie; Rock
the black keys,poor boy a long way from home,Rock Alternativo; Indie; Rock
the black keys,tighten up,Rock Alternativo; Indie; Rock
the black keys,your touch,Rock Alternativo; Indie; Rock
the black keys,weight of love,Rock Alternativo; Indie; Rock
the black keys,come on and go with me,Rock Alternativo; Indie; Rock
the black keys,next girl,Rock Alternativo; Indie; Rock
the black keys,run right back,Rock Alternativo; Indie; Rock
the black keys,walk with me,Rock Alternativo; Indie; Rock
the black keys,dead and gone,Rock Alternativo; Indie; Rock
the black keys,sister,Rock Alternativo; Indie; Rock
the black keys,never gonna give you up,Rock Alternativo; Indie; Rock
the black keys,gold on the ceiling,Rock Alternativo; Indie; Rock
the black keys,heavy soul,Rock Alternativo; Indie; Rock
the black keys,coal black mattie,Rock Alternativo; Indie; Rock
the black keys,louise,Rock Alternativo; Indie; Rock
the black keys,bullet in the brain,Rock Alternativo; Indie; Rock
the black keys,keep me,Rock Alternativo; Indie; Rock
the black keys,10 lovers,Rock Alternativo; Indie; Rock
the black keys,act nice and gentle,Rock Alternativo; Indie; Rock
the black keys,aeroplane blues,Rock Alternativo; Indie; Rock
the black keys,all hands against his own,Rock Alternativo; Indie; Rock
the black keys,all you ever wanted,Rock Alternativo; Indie; Rock
the black keys,black door,Rock Alternativo; Indie; Rock
the black keys,breaking down,Rock Alternativo; Indie; Rock
the black keys,brooklyn bound,Rock Alternativo; Indie; Rock
the black keys,busted,Rock Alternativo; Indie; Rock
the black keys,chop and change,Rock Alternativo; Indie; Rock
the black keys,countdown,Rock Alternativo; Indie; Rock
epica,rivers,Gótico; Heavy Metal; Rock
epica,unleashed,Gótico; Heavy Metal; Rock
epica,cry for the moon,Gótico; Heavy Metal; Rock
epica,our destiny,Gótico; Heavy Metal; Rock
epica,the phantom agony,Gótico; Heavy Metal; Rock
epica,martyr of the free word,Gótico; Heavy Metal; Rock
epica,the skeleton key,Gótico; Heavy Metal; Rock
epica,code of life,Gótico; Heavy Metal; Rock
epica,illusive consensus,Gótico; Heavy Metal; Rock
epica,the divine conspiracy,Gótico; Heavy Metal; Rock
epica,consign to oblivion,Gótico; Heavy Metal; Rock
epica,twin flames,Gótico; Heavy Metal; Rock
epica,unchain utopia,Gótico; Heavy Metal; Rock
epica,living a lie,Gótico; Heavy Metal; Rock
epica,the last crusade,Gótico; Heavy Metal; Rock
epica,run for a fall,Gótico; Heavy Metal; Rock
epica,seal of solomon,Gótico; Heavy Metal; Rock
epica,a phantasmic parade,Gótico; Heavy Metal; Rock
epica,architect of light,Gótico; Heavy Metal; Rock
epica,avalanche,Gótico; Heavy Metal; Rock
epica,beyond belief,Gótico; Heavy Metal; Rock
epica,beyond the matrix,Gótico; Heavy Metal; Rock
epica,blank infinity,Gótico; Heavy Metal; Rock
epica,burn to a cinder,Gótico; Heavy Metal; Rock
epica,canvas of life,Gótico; Heavy Metal; Rock
epica,chasing the dragon,Gótico; Heavy Metal; Rock
epica,chemical insomnia,Gótico; Heavy Metal; Rock
epica,crimson bow and arrow,Gótico; Heavy Metal; Rock
epica,crystal mountain,Gótico; Heavy Metal; Rock
epica,dance of fate,Gótico; Heavy Metal; Rock
taylor swift,lover,Pop; Romântico; Pop/Rock
taylor swift,blank space,Pop; Romântico; Pop/Rock
taylor swift,cardigan,Pop; Romântico; Pop/Rock
taylor swift,shake it off,Pop; Romântico; Pop/Rock
taylor swift,all too well,Pop; Romântico; Pop/Rock
taylor swift,the 1,Pop; Romântico; Pop/Rock
taylor swift,wildest dreams,Pop; Romântico; Pop/Rock
taylor swift,love story,Pop; Romântico; Pop/Rock
taylor swift,red,Pop; Romântico; Pop/Rock
taylor swift,august,Pop; Romântico; Pop/Rock
taylor swift,this is me trying,Pop; Romântico; Pop/Rock
taylor swift,paper rings,Pop; Romântico; Pop/Rock
taylor swift,mirrorball,Pop; Romântico; Pop/Rock
taylor swift,my tears ricochet,Pop; Romântico; Pop/Rock
taylor swift,the last great american dynasty,Pop; Romântico; Pop/Rock
taylor swift,style,Pop; Romântico; Pop/Rock
taylor swift,look what you made me do,Pop; Romântico; Pop/Rock
taylor swift,champagne problems,Pop; Romântico; Pop/Rock
taylor swift,the story of us,Pop; Romântico; Pop/Rock
taylor swift,22,Pop; Romântico; Pop/Rock
taylor swift,a perfectly good heart,Pop; Romântico; Pop/Rock
taylor swift,a place in this world,Pop; Romântico; Pop/Rock
taylor swift,afterglow,Pop; Romântico; Pop/Rock
taylor swift,all you had to do was stay,Pop; Romântico; Pop/Rock
taylor swift,back to december,Pop; Romântico; Pop/Rock
taylor swift,bad blood,Pop; Romântico; Pop/Rock
taylor swift,begin again,Pop; Romântico; Pop/Rock
taylor swift,bette davis eyes,Pop; Romântico; Pop/Rock
taylor swift,better than revenge,Pop; Romântico; Pop/Rock
taylor swift,betty,Pop; Romântico; Pop/Rock
johnny cash,you are my sunshine,Folk; Country; Rock
johnny cash,hurt,Folk; Country; Rock
johnny cash,ghost riders in the sky,Folk; Country; Rock
johnny cash,folsom prison blues,Folk; Country; Rock
johnny cash,jackson,Folk; Country; Rock
johnny cash,one,Folk; Country; Rock
johnny cash,solitary man,Folk; Country; Rock
johnny cash,father and son,Folk; Country; Rock
johnny cash,heart of gold,Folk; Country; Rock
johnny cash,danny boy,Folk; Country; Rock
johnny cash,i walk the line,Folk; Country; Rock
johnny cash,sam hall,Folk; Country; Rock
johnny cash,in my life,Folk; Country; Rock
johnny cash,ring of fire,Folk; Country; Rock
johnny cash,a boy named sue,Folk; Country; Rock
johnny cash,a legend in my time,Folk; Country; Rock
johnny cash,all over again,Folk; Country; Rock
johnny cash,aloha oe,Folk; Country; Rock
johnny cash,ballad of a teenage queen,Folk; Country; Rock
johnny cash,banks of the ohio,Folk; Country; Rock
johnny cash,before my time,Folk; Country; Rock
johnny cash,big river,Folk; Country; Rock
johnny cash,bird on a wire,Folk; Country; Rock
johnny cash,cindy,Folk; Country; Rock
johnny cash,cocaine blues,Folk; Country; Rock
johnny cash,cool water,Folk; Country; Rock
johnny cash,country trash,Folk; Country; Rock
johnny cash,daddy sang bass,Folk; Country; Rock
johnny cash,desperado,Folk; Country; Rock
johnny cash,field of diamonds,Folk; Country; Rock
alan jackson,chattahoochee,Country
alan jackson,little bitty,Country
alan jackson,remember when,Country
alan jackson,good time,Country
alan jackson,what a friend we have in jesus,Country
alan jackson,back,Country
alan jackson,country boy,Country
alan jackson,the sounds,Country
alan jackson,blessed assurance,Country
alan jackson,i love to tell the story,Country
alan jackson,the older i get,Country
alan jackson,right on the money,Country
alan jackson,hard hat and a hammer,Country
alan jackson,are you washed in the blood,Country
alan jackson,1976,Country
alan jackson,a little bluer than that,Country
alan jackson,a love like that,Country
alan jackson,a million ways to die,Country
alan jackson,after 17,Country
alan jackson,away in a manger,Country
alan jackson,between the devil and me,Country
alan jackson,big green eyes,Country
alan jackson,blacktop,Country
alan jackson,blue ridge mountain song,Country
alan jackson,bring on the night,Country
alan jackson,buicks to the moon,Country
alan jackson,dallas,Country
alan jackson,every now and then,Country
alan jackson,everything but the wings,Country
alan jackson,everything i love,Country
willie nelson,always on my mind,Country
willie nelson,on the road again,Country
willie nelson,something you get through,Country
willie nelson,heaven is closed,Country
willie nelson,blue eyes crying in the rain,Country
willie nelson,crazy,Country
willie nelson,big booty,Country
willie nelson,we are the cowboys,Country
willie nelson,why me,Country
willie nelson,a horse called music,Country
willie nelson,across the borderline,Country
willie nelson,all things must pass,Country
willie nelson,always now,Country
willie nelson,amazing grace,Country
willie nelson,angel eyes,Country
willie nelson,angel flying too close to the ground,Country
willie nelson,are you sure,Country
willie nelson,away in a manger,Country
willie nelson,back to earth,Country
willie nelson,basin street blues,Country
willie nelson,be that as it may,Country
willie nelson,be there for you,Country
willie nelson,because of you,Country
willie nelson,blackjack county chain,Country
willie nelson,blue hotel,Country
willie nelson,blue skies,Country
willie nelson,border song,Country
willie nelson,bright lights big city,Country
willie nelson,bubbles in my beer,Country
willie nelson,caldonia,Country
rascal flatts,what hurts the most,Country
rascal flatts,life is a highway,Country
rascal flatts,back to life,Country
rascal flatts,a little home,Country
rascal flatts,all night to get there,Country
rascal flatts,back to us,Country
rascal flatts,backwards,Country
rascal flatts,banjo,Country
rascal flatts,better now,Country
rascal flatts,bless the broken road,Country
rascal flatts,bob that head,Country
rascal flatts,break away,Country
rascal flatts,changed,Country
rascal flatts,close,Country
rascal flatts,come wake me up,Country
rascal flatts,cool thing,Country
rascal flatts,dj tonight,Country
rascal flatts,dry county girl,Country
rascal flatts,ellsworth,Country
rascal flatts,every day,Country
rascal flatts,fast cars and freedom,Country
rascal flatts,feels like today,Country
rascal flatts,forever,Country
rascal flatts,friday,Country
rascal flatts,from time to time,Country
rascal flatts,help me remember,Country
rascal flatts,here,Country
rascal flatts,here comes goodbye,Country
rascal flatts,holes,Country
rascal flatts,hot in here,Country
george strait,amarillo by morning,Country
george strait,you look so good in love,Country
george strait,i can still make cheyenne,Country
george strait,if heartaches were horses,Country
george strait,heartland,Country
george strait,famous last words of a fool,Country
george strait,a better rain,Country
george strait,ace in the hole,Country
george strait,adalida,Country
george strait,arkansas dave,Country
george strait,as far as it goes,Country
george strait,baby blue,Country
george strait,beautiful day for goodbye,Country
george strait,blue clear sky,Country
george strait,blue marlin blues,Country
george strait,brothers of the highway,Country
george strait,by the light of a burning bridge,Country
george strait,carried away,Country
george strait,carrying your love with me,Country
george strait,christmas cookies,Country
george strait,codigo,Country
george strait,come on joe,Country
george strait,cowboys like us,Country
george strait,deck the halls,Country
george strait,designated drinker,Country
george strait,desperately,Country
george strait,does fort worth ever cross your mind,Country
george strait,drinking champagne,Country
george strait,easy as you go,Country
george strait,every little honky tonk bar,Country
kenny chesney,summertime,Country
kenny chesney,get along,Country
kenny chesney,knowing you,Country
kenny chesney,when the sun goes down,Country
kenny chesney,somewhere with you,Country
kenny chesney,happy does,Country
kenny chesney,song for the saints,Country
kenny chesney,live a little,Country
kenny chesney,when i close my eyes,Country
kenny chesney,big star,Country
kenny chesney,a lot of things different,Country
kenny chesney,all i need to know,Country
kenny chesney,all i want for christmas is a real good tan,Country
kenny chesney,all the pretty girls,Country
kenny chesney,always gonna be you,Country
kenny chesney,anything but mine,Country
kenny chesney,back where i come from,Country
kenny chesney,bar at the end of the world,Country
kenny chesney,be as you are,Country
kenny chesney,beautiful world,Country
kenny chesney,because of your love,Country
kenny chesney,beer in mexico,Country
kenny chesney,better as a memory,Country
kenny chesney,boston,Country
kenny chesney,christmas in dixie,Country
kenny chesney,come over,Country
kenny chesney,da ruba girl,Country
kenny chesney,demons,Country
kenny chesney,down the road,Country
kenny chesney,dreams,Country
miranda lambert,bad boy,Country
miranda lambert,to learn her,Country
miranda lambert,white trash,Country
miranda lambert,girls,Country
miranda lambert,only prettier,Country
miranda lambert,holy water,Country
miranda lambert,dark bars,Country
miranda lambert,automatic,Country
miranda lambert,time to get a gun,Country
miranda lambert,it all comes out in the wash,Country
miranda lambert,if i was a cowboy,Country
miranda lambert,love is looking for you,Country
miranda lambert,virginia bluebell,Country
miranda lambert,airstream song,Country
miranda lambert,me and your cigarettes,Country
miranda lambert,safe,Country
miranda lambert,fine tune,Country
miranda lambert,all kinds of kinds,Country
miranda lambert,fastest girl in town,Country
miranda lambert,another sunday in the south,Country
miranda lambert,baggage claim,Country
miranda lambert,bathroom sink,Country
miranda lambert,better in the long run,Country
miranda lambert,bluebird,Country
miranda lambert,bring me down,Country
miranda lambert,covered wagon,Country
miranda lambert,dead flowers,Country
miranda lambert,dear diamond,Country
miranda lambert,dear old sun,Country
miranda lambert,desperation,Country
one direction,what makes you beautiful,Pop/Rock; Pop; Romântico
one direction,18,Pop/Rock; Pop; Romântico
one direction,story of my life,Pop/Rock; Pop; Romântico
one direction,little things,Pop/Rock; Pop; Romântico
one direction,steal my girl,Pop/Rock; Pop; Romântico
one direction,perfect,Pop/Rock; Pop; Romântico
one direction,night changes,Pop/Rock; Pop; Romântico
one direction,drag me down,Pop/Rock; Pop; Romântico
one direction,history,Pop/Rock; Pop; Romântico
one direction,if i could fly,Pop/Rock; Pop; Romântico
one direction,moments,Pop/Rock; Pop; Romântico
one direction,one thing,Pop/Rock; Pop; Romântico
one direction,where do broken hearts go,Pop/Rock; Pop; Romântico
one direction,midnight memories,Pop/Rock; Pop; Romântico
one direction,right now,Pop/Rock; Pop; Romântico
one direction,happily,Pop/Rock; Pop; Romântico
one direction,kiss you,Pop/Rock; Pop; Romântico
one direction,end of the day,Pop/Rock; Pop; Romântico
one direction,ready to run,Pop/Rock; Pop; Romântico
one direction,no control,Pop/Rock; Pop; Romântico
one direction,best song ever,Pop/Rock; Pop; Romântico
one direction,act my age,Pop/Rock; Pop; Romântico
one direction,alive,Pop/Rock; Pop; Romântico
one direction,another world,Pop/Rock; Pop; Romântico
one direction,back for you,Pop/Rock; Pop; Romântico
one direction,better than words,Pop/Rock; Pop; Romântico
one direction,change my mind,Pop/Rock; Pop; Romântico
one direction,change your ticket,Pop/Rock; Pop; Romântico
one direction,clouds,Pop/Rock; Pop; Romântico
one direction,diana,Pop/Rock; Pop; Romântico
björk,stonemilker,Indie; Electronica; Chillout
björk,venus as a boy,Indie; Electronica; Chillout
björk,pagan poetry,Indie; Electronica; Chillout
björk,human behaviour,Indie; Electronica; Chillout
björk,all is full of love,Indie; Electronica; Chillout
björk,big time sensuality,Indie; Electronica; Chillout
björk,crystalline,Indie; Electronica; Chillout
björk,hidden place,Indie; Electronica; Chillout
björk,aurora,Indie; Electronica; Chillout
björk,army of me,Indie; Electronica; Chillout
björk,oceania,Indie; Electronica; Chillout
björk,the modern things,Indie; Electronica; Chillout
björk,crying,Indie; Electronica; Chillout
björk,utopia,Indie; Electronica; Chillout
björk,features creatures,Indie; Electronica; Chillout
björk,triumph of a heart,Indie; Electronica; Chillout
björk,possibly maybe,Indie; Electronica; Chillout
björk,unison,Indie; Electronica; Chillout
björk,5 years,Indie; Electronica; Chillout
björk,aeroplane,Indie; Electronica; Chillout
björk,all neon like,Indie; Electronica; Chillout
björk,an echo a stain,Indie; Electronica; Chillout
björk,ancestors,Indie; Electronica; Chillout
björk,arisen my senses,Indie; Electronica; Chillout
björk,atom dance,Indie; Electronica; Chillout
björk,bachelorette,Indie; Electronica; Chillout
björk,black lake,Indie; Electronica; Chillout
björk,blissing me,Indie; Electronica; Chillout
björk,body memory,Indie; Electronica; Chillout
björk,cetacea,Indie; Electronica; Chillout
the used,kenna song,Emocore; Rock; Hardcore
the used,empty with you,Emocore; Rock; Hardcore
the used,pieces mended,Emocore; Rock; Hardcore
the used,slit your own throat,Emocore; Rock; Hardcore
the used,cut up angels,Emocore; Rock; Hardcore
the used,take it away,Emocore; Rock; Hardcore
the used,funeral post,Emocore; Rock; Hardcore
the used,a box full of sharp objects,Emocore; Rock; Hardcore
the used,alone this holiday,Emocore; Rock; Hardcore
the used,blood meridian,Emocore; Rock; Hardcore
the used,blood on my hands,Emocore; Rock; Hardcore
the used,bloody nose,Emocore; Rock; Hardcore
the used,blow me,Emocore; Rock; Hardcore
the used,blue and yellow,Emocore; Rock; Hardcore
the used,born to quit,Emocore; Rock; Hardcore
the used,broken windows,Emocore; Rock; Hardcore
the used,bulimic,Emocore; Rock; Hardcore
the used,buried myself alive,Emocore; Rock; Hardcore
the used,burning down the house,Emocore; Rock; Hardcore
the used,cathedral bell,Emocore; Rock; Hardcore
the used,choke me,Emocore; Rock; Hardcore
the used,cold war telescreen,Emocore; Rock; Hardcore
the used,come undone,Emocore; Rock; Hardcore
the used,cry,Emocore; Rock; Hardcore
the used,dark days,Emocore; Rock; Hardcore
the used,devil beside you,Emocore; Rock; Hardcore
the used,disaster,Emocore; Rock; Hardcore
the used,earthquake,Emocore; Rock; Hardcore
the used,evolution,Emocore; Rock; Hardcore
the used,find a way,Emocore; Rock; Hardcore
afi,miss murder,Emocore; Punk Rock; Hardcore
afi,dulcería,Emocore; Punk Rock; Hardcore
afi,trash bat,Emocore; Punk Rock; Hardcore
afi,twisted tongues,Emocore; Punk Rock; Hardcore
afi,far too near,Emocore; Punk Rock; Hardcore
afi,back from the flesh,Emocore; Punk Rock; Hardcore
afi,the days of the phoenix,Emocore; Punk Rock; Hardcore
afi,escape from los angeles,Emocore; Punk Rock; Hardcore
afi,wild,Emocore; Punk Rock; Hardcore
afi,looking tragic,Emocore; Punk Rock; Hardcore
afi,100 words,Emocore; Punk Rock; Hardcore
afi,17 crimes,Emocore; Punk Rock; Hardcore
afi,37mm,Emocore; Punk Rock; Hardcore
afi,6 to 8,Emocore; Punk Rock; Hardcore
afi,a deep slow panic,Emocore; Punk Rock; Hardcore
afi,a single second,Emocore; Punk Rock; Hardcore
afi,a story at three,Emocore; Punk Rock; Hardcore
afi,above the bridge,Emocore; Punk Rock; Hardcore
afi,affliction,Emocore; Punk Rock; Hardcore
afi,anxious,Emocore; Punk Rock; Hardcore
afi,aurelia,Emocore; Punk Rock; Hardcore
afi,back into the sun,Emocore; Punk Rock; Hardcore
afi,beautiful thieves,Emocore; Punk Rock; Hardcore
afi,begging for trouble,Emocore; Punk Rock; Hardcore
afi,bleed black,Emocore; Punk Rock; Hardcore
afi,break angels,Emocore; Punk Rock; Hardcore
afi,carcinogen crush,Emocore; Punk Rock; Hardcore
afi,catch a hot one,Emocore; Punk Rock; Hardcore
afi,cold hands,Emocore; Punk Rock; Hardcore
afi,dancing through sunday,Emocore; Punk Rock; Hardcore
leonard cohen,hallelujah,Folk
leonard cohen,suzanne,Folk
leonard cohen,take this waltz,Folk
leonard cohen,closing time,Folk
leonard cohen,everybody knows,Folk
leonard cohen,you want it darker,Folk
leonard cohen,dance me to the end of love,Folk
leonard cohen,happens to the heart,Folk
leonard cohen,waiting for the miracle,Folk
leonard cohen,love itself,Folk
leonard cohen,nevermind,Folk
leonard cohen,going home,Folk
leonard cohen,anthem,Folk
leonard cohen,it seemed the better way,Folk
leonard cohen,moving on,Folk
leonard cohen,first we take manhattan,Folk
leonard cohen,a street,Folk
leonard cohen,a thousand kisses deep,Folk
leonard cohen,alexandra leaving,Folk
leonard cohen,almost like the blues,Folk
leonard cohen,amen,Folk
leonard cohen,anyhow,Folk
leonard cohen,avalanche,Folk
leonard cohen,banjo,Folk
leonard cohen,because of,Folk
leonard cohen,bird on the wire,Folk
leonard cohen,boogie street,Folk
leonard cohen,born in chains,Folk
leonard cohen,by the rivers dark,Folk
leonard cohen,choices,Folk
sufjan stevens,mystery of love,Indie; Folk
sufjan stevens,to be alone with you,Indie; Folk
sufjan stevens,fourth of july,Indie; Folk
sufjan stevens,all of me wants all of you,Indie; Folk
sufjan stevens,a good man is hard to find,Indie; Folk
sufjan stevens,a winner needs a wand,Indie; Folk
sufjan stevens,abraham,Indie; Folk
sufjan stevens,adlai stevenson,Indie; Folk
sufjan stevens,age of adz,Indie; Folk
sufjan stevens,all the trees of the field will clap their hands,Indie; Folk
sufjan stevens,away in a manger,Indie; Folk
sufjan stevens,blue bucket of gold,Indie; Folk
sufjan stevens,carlyle lake,Indie; Folk
sufjan stevens,casimir pulaski day,Indie; Folk
sufjan stevens,chicago,Indie; Folk
sufjan stevens,christmas in july,Indie; Folk
sufjan stevens,christmas in the room,Indie; Folk
sufjan stevens,city of roses,Indie; Folk
sufjan stevens,come thou fount of every blessing,Indie; Folk
sufjan stevens,death star,Indie; Folk
sufjan stevens,death with dignity,Indie; Folk
sufjan stevens,demetrius,Indie; Folk
sufjan stevens,drawn to the blood,Indie; Folk
sufjan stevens,dumb i sound,Indie; Folk
sufjan stevens,eugene,Indie; Folk
sufjan stevens,exploding whale,Indie; Folk
sufjan stevens,futile devices,Indie; Folk
sufjan stevens,gilgamesh,Indie; Folk
sufjan stevens,goodbye to all that,Indie; Folk
sufjan stevens,he woke me up again,Indie; Folk
van morrison,alabamy bound,Rock; Soul Music; Folk
van morrison,all work and no play,Rock; Soul Music; Folk
van morrison,and the healing has begun,Rock; Soul Music; Folk
van morrison,back street affair,Rock; Soul Music; Folk
van morrison,beside you,Rock; Soul Music; Folk
van morrison,big blue diamonds,Rock; Soul Music; Folk
van morrison,born to sing,Rock; Soul Music; Folk
van morrison,bright side of the road,Rock; Soul Music; Folk
van morrison,brown eyed girl,Rock; Soul Music; Folk
van morrison,caravan,Rock; Soul Music; Folk
van morrison,carry on regardless,Rock; Soul Music; Folk
van morrison,carrying a torch,Rock; Soul Music; Folk
van morrison,celtic new year,Rock; Soul Music; Folk
van morrison,cleaning windows,Rock; Soul Music; Folk
van morrison,close enough for jazz,Rock; Soul Music; Folk
van morrison,crazy love,Rock; Soul Music; Folk
van morrison,days like this,Rock; Soul Music; Folk
van morrison,dead or alive,Rock; Soul Music; Folk
van morrison,down the road,Rock; Soul Music; Folk
van morrison,end of the rainbow,Rock; Soul Music; Folk
van morrison,enlightenment,Rock; Soul Music; Folk
van morrison,evening in june,Rock; Soul Music; Folk
van morrison,evening shadows,Rock; Soul Music; Folk
van morrison,fair play,Rock; Soul Music; Folk
van morrison,fame,Rock; Soul Music; Folk
van morrison,fast train,Rock; Soul Music; Folk
van morrison,fire in the belly,Rock; Soul Music; Folk
van morrison,georgia on my mind,Rock; Soul Music; Folk
van morrison,get on with the show,Rock; Soul Music; Folk
van morrison,goldfish bowl,Rock; Soul Music; Folk
dropkick murphys,the boys are back,Punk Rock; Folk
dropkick murphys,rose tattoo,Punk Rock; Folk
dropkick murphys,10 years of service,Punk Rock; Folk
dropkick murphys,21 guitar salute,Punk Rock; Folk
dropkick murphys,3rd man in,Punk Rock; Folk
dropkick murphys,a few good men,Punk Rock; Folk
dropkick murphys,alcohol,Punk Rock; Folk
dropkick murphys,amazing grace,Punk Rock; Folk
dropkick murphys,as one,Punk Rock; Folk
dropkick murphys,barroom hero,Punk Rock; Folk
dropkick murphys,bastards on parade,Punk Rock; Folk
dropkick murphys,black velvet band,Punk Rock; Folk
dropkick murphys,boys on the docks,Punk Rock; Folk
dropkick murphys,buried alive,Punk Rock; Folk
dropkick murphys,burn,Punk Rock; Folk
dropkick murphys,caps and bottles,Punk Rock; Folk
dropkick murphys,caught in a jar,Punk Rock; Folk
dropkick murphys,city by the sea,Punk Rock; Folk
dropkick murphys,curse of a fallen soul,Punk Rock; Folk
dropkick murphys,denial,Punk Rock; Folk
dropkick murphys,do or die,Punk Rock; Folk
dropkick murphys,end of the night,Punk Rock; Folk
dropkick murphys,fairmount hill,Punk Rock; Folk
dropkick murphys,famous for nothing,Punk Rock; Folk
dropkick murphys,far away coast,Punk Rock; Folk
dropkick murphys,fightstarter karaoke,Punk Rock; Folk
dropkick murphys,first class loser,Punk Rock; Folk
dropkick murphys,for boston,Punk Rock; Folk
dropkick murphys,forever,Punk Rock; Folk
dropkick murphys,fortunate son,Punk Rock; Folk
my morning jacket,off the record,Indie; Folk; Rock
my morning jacket,aluminum park,Indie; Folk; Rock
my morning jacket,anytime,Indie; Folk; Rock
my morning jacket,at dawn,Indie; Folk; Rock
my morning jacket,bermuda highway,Indie; Folk; Rock
my morning jacket,big decisions,Indie; Folk; Rock
my morning jacket,circuital,Indie; Folk; Rock
my morning jacket,climbing the ladder,Indie; Folk; Rock
my morning jacket,cobra,Indie; Folk; Rock
my morning jacket,come closer,Indie; Folk; Rock
my morning jacket,complex,Indie; Folk; Rock
my morning jacket,compound fracture,Indie; Folk; Rock
my morning jacket,dancefloors,Indie; Folk; Rock
my morning jacket,death is my sleezy pay,Indie; Folk; Rock
my morning jacket,death is the easy way,Indie; Folk; Rock
my morning jacket,dondante,Indie; Folk; Rock
my morning jacket,easy morning rebel,Indie; Folk; Rock
my morning jacket,el caporal,Indie; Folk; Rock
my morning jacket,evelyn is not real,Indie; Folk; Rock
my morning jacket,evil urges,Indie; Folk; Rock
my morning jacket,feel you,Indie; Folk; Rock
my morning jacket,first light,Indie; Folk; Rock
my morning jacket,get the point,Indie; Folk; Rock
my morning jacket,gideon,Indie; Folk; Rock
my morning jacket,golden,Indie; Folk; Rock
my morning jacket,highly suspicious,Indie; Folk; Rock
my morning jacket,holdin on to black metal,Indie; Folk; Rock
my morning jacket,honest man,Indie; Folk; Rock
my morning jacket,hopefully,Indie; Folk; Rock
my morning jacket,how do you know,Indie; Folk; Rock
skillet,monster,Rock Alternativo; Rock; Hard Rock
skillet,awake and alive,Rock Alternativo; Rock; Hard Rock
skillet,lucy,Rock Alternativo; Rock; Hard Rock
skillet,feel invincible,Rock Alternativo; Rock; Hard Rock
skillet,you are my hope,Rock Alternativo; Rock; Hard Rock
skillet,the resistance,Rock Alternativo; Rock; Hard Rock
skillet,never surrender,Rock Alternativo; Rock; Hard Rock
skillet,rebirthing,Rock Alternativo; Rock; Hard Rock
skillet,legendary,Rock Alternativo; Rock; Hard Rock
skillet,comatose,Rock Alternativo; Rock; Hard Rock
skillet,looking for angels,Rock Alternativo; Rock; Hard Rock
skillet,rise,Rock Alternativo; Rock; Hard Rock
skillet,hero,Rock Alternativo; Rock; Hard Rock
skillet,beyond incredible,Rock Alternativo; Rock; Hard Rock
skillet,forgiven,Rock Alternativo; Rock; Hard Rock
skillet,dominion,Rock Alternativo; Rock; Hard Rock
skillet,victorious,Rock Alternativo; Rock; Hard Rock
skillet,burn it down,Rock Alternativo; Rock; Hard Rock
skillet,not gonna die,Rock Alternativo; Rock; Hard Rock
skillet,famous,Rock Alternativo; Rock; Hard Rock
skillet,undefeated,Rock Alternativo; Rock; Hard Rock
skillet,forever or the end,Rock Alternativo; Rock; Hard Rock
skillet,destiny,Rock Alternativo; Rock; Hard Rock
skillet,standing in the storm,Rock Alternativo; Rock; Hard Rock
skillet,a little more,Rock Alternativo; Rock; Hard Rock
skillet,alien youth,Rock Alternativo; Rock; Hard Rock
skillet,american noise,Rock Alternativo; Rock; Hard Rock
skillet,anchor,Rock Alternativo; Rock; Hard Rock
skillet,back from the dead,Rock Alternativo; Rock; Hard Rock
skillet,back to life,Rock Alternativo; Rock; Hard Rock
demon hunter,i am a stone,Heavy Metal; Gospel/Religioso; Rock
demon hunter,i will fail you,Heavy Metal; Gospel/Religioso; Rock
demon hunter,dead flowers,Heavy Metal; Gospel/Religioso; Rock
demon hunter,loneliness,Heavy Metal; Gospel/Religioso; Rock
demon hunter,death,Heavy Metal; Gospel/Religioso; Rock
demon hunter,fear is not my guide,Heavy Metal; Gospel/Religioso; Rock
demon hunter,deteriorate,Heavy Metal; Gospel/Religioso; Rock
demon hunter,the last one alive,Heavy Metal; Gospel/Religioso; Rock
demon hunter,the wind,Heavy Metal; Gospel/Religioso; Rock
demon hunter,carry me down,Heavy Metal; Gospel/Religioso; Rock
demon hunter,recuse myself,Heavy Metal; Gospel/Religioso; Rock
demon hunter,in time,Heavy Metal; Gospel/Religioso; Rock
demon hunter,cold blood,Heavy Metal; Gospel/Religioso; Rock
demon hunter,my destiny,Heavy Metal; Gospel/Religioso; Rock
demon hunter,one thousand apologies,Heavy Metal; Gospel/Religioso; Rock
demon hunter,sixteen,Heavy Metal; Gospel/Religioso; Rock
demon hunter,artificial light,Heavy Metal; Gospel/Religioso; Rock
demon hunter,two ways,Heavy Metal; Gospel/Religioso; Rock
demon hunter,the gauntlet,Heavy Metal; Gospel/Religioso; Rock
demon hunter,cross to bear,Heavy Metal; Gospel/Religioso; Rock
demon hunter,a broken upper hand,Heavy Metal; Gospel/Religioso; Rock
demon hunter,a thread of light,Heavy Metal; Gospel/Religioso; Rock
demon hunter,as we wept,Heavy Metal; Gospel/Religioso; Rock
demon hunter,beauty through the eyes of a predator,Heavy Metal; Gospel/Religioso; Rock
demon hunter,beheaded,Heavy Metal; Gospel/Religioso; Rock
demon hunter,bet my life,Heavy Metal; Gospel/Religioso; Rock
demon hunter,beyond me,Heavy Metal; Gospel/Religioso; Rock
demon hunter,blood in the tears,Heavy Metal; Gospel/Religioso; Rock
demon hunter,coffin builder,Heavy Metal; Gospel/Religioso; Rock
demon hunter,cold winter sun,Heavy Metal; Gospel/Religioso; Rock
the cure,just like heaven,Gótico; Pós-Punk; Rock
the cure,lovesong,Gótico; Pós-Punk; Rock
the cure,in between days,Gótico; Pós-Punk; Rock
the cure,close to me,Gótico; Pós-Punk; Rock
the cure,a forest,Gótico; Pós-Punk; Rock
the cure,lullaby,Gótico; Pós-Punk; Rock
the cure,pictures of you,Gótico; Pós-Punk; Rock
the cure,the lovecats,Gótico; Pós-Punk; Rock
the cure,purple haze,Gótico; Pós-Punk; Rock
the cure,a night like this,Gótico; Pós-Punk; Rock
the cure,underneath the stars,Gótico; Pós-Punk; Rock
the cure,2 late,Gótico; Pós-Punk; Rock
the cure,39,Gótico; Pós-Punk; Rock
the cure,a chain of flowers,Gótico; Pós-Punk; Rock
the cure,a foolish arrangement,Gótico; Pós-Punk; Rock
the cure,a japanese dream,Gótico; Pós-Punk; Rock
the cure,a man inside my mouth,Gótico; Pós-Punk; Rock
the cure,a pink dream,Gótico; Pós-Punk; Rock
the cure,a strange day,Gótico; Pós-Punk; Rock
the cure,adonais,Gótico; Pós-Punk; Rock
the cure,anniversary,Gótico; Pós-Punk; Rock
the cure,at night,Gótico; Pós-Punk; Rock
the cure,babble,Gótico; Pós-Punk; Rock
the cure,bananafishbones,Gótico; Pós-Punk; Rock
the cure,before three,Gótico; Pós-Punk; Rock
the cure,bloodflowers,Gótico; Pós-Punk; Rock
the cure,breathe,Gótico; Pós-Punk; Rock
the cure,burn,Gótico; Pós-Punk; Rock
the cure,coming up,Gótico; Pós-Punk; Rock
the cure,cut here,Gótico; Pós-Punk; Rock
marilyn manson,the last day on earth,Industrial; Rock; Heavy Metal
marilyn manson,the beautiful people,Industrial; Rock; Heavy Metal
marilyn manson,tainted love,Industrial; Rock; Heavy Metal
marilyn manson,mobscene,Industrial; Rock; Heavy Metal
marilyn manson,this is the new shit,Industrial; Rock; Heavy Metal
marilyn manson,the nobodies,Industrial; Rock; Heavy Metal
marilyn manson,we are chaos,Industrial; Rock; Heavy Metal
marilyn manson,godeatgod,Industrial; Rock; Heavy Metal
marilyn manson,personal jesus,Industrial; Rock; Heavy Metal
marilyn manson,cyclops,Industrial; Rock; Heavy Metal
marilyn manson,wow,Industrial; Rock; Heavy Metal
marilyn manson,the golden age of grotesque,Industrial; Rock; Heavy Metal
marilyn manson,coma black,Industrial; Rock; Heavy Metal
marilyn manson,cake and sodomy,Industrial; Rock; Heavy Metal
marilyn manson,15,Industrial; Rock; Heavy Metal
marilyn manson,1996,Industrial; Rock; Heavy Metal
marilyn manson,a place in the dirt,Industrial; Rock; Heavy Metal
marilyn manson,angel with the scabbed wings,Industrial; Rock; Heavy Metal
marilyn manson,antichrist superstar,Industrial; Rock; Heavy Metal
marilyn manson,better of two evils,Industrial; Rock; Heavy Metal
marilyn manson,birds of hell awaiting,Industrial; Rock; Heavy Metal
marilyn manson,blank and white,Industrial; Rock; Heavy Metal
marilyn manson,blood honey,Industrial; Rock; Heavy Metal
marilyn manson,born again,Industrial; Rock; Heavy Metal
marilyn manson,breaking the same old ground,Industrial; Rock; Heavy Metal
marilyn manson,broken needle,Industrial; Rock; Heavy Metal
marilyn manson,burning flag,Industrial; Rock; Heavy Metal
marilyn manson,children of cain,Industrial; Rock; Heavy Metal
marilyn manson,coma white,Industrial; Rock; Heavy Metal
marilyn manson,cry little sister,Industrial; Rock; Heavy Metal
nightwish,nemo,Heavy Metal; Rock; Gótico
nightwish,ghost love score,Heavy Metal; Rock; Gótico
nightwish,ever dream,Heavy Metal; Rock; Gótico
nightwish,the phantom of the opera,Heavy Metal; Rock; Gótico
nightwish,storytime,Heavy Metal; Rock; Gótico
nightwish,élan,Heavy Metal; Rock; Gótico
nightwish,beauty of the beast,Heavy Metal; Rock; Gótico
nightwish,the greatest show on earth,Heavy Metal; Rock; Gótico
nightwish,walking in the air,Heavy Metal; Rock; Gótico
nightwish,amaranth,Heavy Metal; Rock; Gótico
nightwish,dark chest of wonders,Heavy Metal; Rock; Gótico
nightwish,while your lips are still red,Heavy Metal; Rock; Gótico
nightwish,the islander,Heavy Metal; Rock; Gótico
nightwish,sleeping sun,Heavy Metal; Rock; Gótico
nightwish,wish i had an angel,Heavy Metal; Rock; Gótico
nightwish,noise,Heavy Metal; Rock; Gótico
nightwish,bless the child,Heavy Metal; Rock; Gótico
nightwish,planet hell,Heavy Metal; Rock; Gótico
nightwish,the kinslayer,Heavy Metal; Rock; Gótico
nightwish,nightquest,Heavy Metal; Rock; Gótico
nightwish,bye bye beautiful,Heavy Metal; Rock; Gótico
nightwish,the poet and the pendulum,Heavy Metal; Rock; Gótico
nightwish,10th man down,Heavy Metal; Rock; Gótico
nightwish,7 days to the wolves,Heavy Metal; Rock; Gótico
nightwish,alpenglow,Heavy Metal; Rock; Gótico
nightwish,angels fall first,Heavy Metal; Rock; Gótico
nightwish,away,Heavy Metal; Rock; Gótico
nightwish,bare grace misery,Heavy Metal; Rock; Gótico
nightwish,cadence of her last breath,Heavy Metal; Rock; Gótico
nightwish,come cover me,Heavy Metal; Rock; Gótico
within temptation,supernova,Rock; Gótico; Heavy Metal
within temptation,summertime sadness,Rock; Gótico; Heavy Metal
within temptation,faster,Rock; Gótico; Heavy Metal
within temptation,mad world,Rock; Gótico; Heavy Metal
within temptation,somewhere,Rock; Gótico; Heavy Metal
within temptation,angels,Rock; Gótico; Heavy Metal
within temptation,mercy mirror,Rock; Gótico; Heavy Metal
within temptation,ice queen,Rock; Gótico; Heavy Metal
within temptation,all i need,Rock; Gótico; Heavy Metal
within temptation,memories,Rock; Gótico; Heavy Metal
within temptation,entertain you,Rock; Gótico; Heavy Metal
within temptation,frozen,Rock; Gótico; Heavy Metal
within temptation,forsaken,Rock; Gótico; Heavy Metal
within temptation,what have you done,Rock; Gótico; Heavy Metal
within temptation,stand my ground,Rock; Gótico; Heavy Metal
within temptation,a dangerous mind,Rock; Gótico; Heavy Metal
within temptation,in vain,Rock; Gótico; Heavy Metal
within temptation,titanium,Rock; Gótico; Heavy Metal
within temptation,bittersweet,Rock; Gótico; Heavy Metal
within temptation,another day,Rock; Gótico; Heavy Metal
within temptation,apologize,Rock; Gótico; Heavy Metal
within temptation,aquarius,Rock; Gótico; Heavy Metal
within temptation,behind blue eyes,Rock; Gótico; Heavy Metal
within temptation,blue eyes,Rock; Gótico; Heavy Metal
within temptation,caged,Rock; Gótico; Heavy Metal
within temptation,candles,Rock; Gótico; Heavy Metal
within temptation,covered by roses,Rock; Gótico; Heavy Metal
within temptation,crazy,Rock; Gótico; Heavy Metal
within temptation,dark wings,Rock; Gótico; Heavy Metal
within temptation,deceiver of fools,Rock; Gótico; Heavy Metal
cradle of filth,nymphetamine fix,Heavy Metal; Gótico
cradle of filth,dirge inferno,Heavy Metal; Gótico
cradle of filth,her ghost in the fog,Heavy Metal; Gótico
cradle of filth,amor e morte,Heavy Metal; Gótico
cradle of filth,carrion,Heavy Metal; Gótico
cradle of filth,filthy little secret,Heavy Metal; Gótico
cradle of filth,from the cradle to enslave,Heavy Metal; Gótico
cradle of filth,hammer of the witches,Heavy Metal; Gótico
cradle of filth,thank god for the suffering,Heavy Metal; Gótico
cradle of filth,the death of love,Heavy Metal; Gótico
cradle of filth,blackest magick in practice,Heavy Metal; Gótico
cradle of filth,the principle of evil made flesh,Heavy Metal; Gótico
cradle of filth,gilded cunt,Heavy Metal; Gótico
cradle of filth,malice through the looking glass,Heavy Metal; Gótico
cradle of filth,tonight in flames,Heavy Metal; Gótico
cradle of filth,better to reign in hell,Heavy Metal; Gótico
cradle of filth,a bruise upon the silent moon,Heavy Metal; Gótico
cradle of filth,absinthe with faust,Heavy Metal; Gótico
cradle of filth,all hope in eclipse,Heavy Metal; Gótico
cradle of filth,an enemy led the tempest,Heavy Metal; Gótico
cradle of filth,as deep as any burial,Heavy Metal; Gótico
cradle of filth,balsamic and anathema,Heavy Metal; Gótico
cradle of filth,bathory aria,Heavy Metal; Gótico
cradle of filth,beauty slept in sodom,Heavy Metal; Gótico
cradle of filth,beneath the howling stars,Heavy Metal; Gótico
cradle of filth,black smoke curling from the lips of war,Heavy Metal; Gótico
cradle of filth,born in a burial gown,Heavy Metal; Gótico
cradle of filth,cemetery and sundown,Heavy Metal; Gótico
cradle of filth,coffin fodder,Heavy Metal; Gótico
cradle of filth,courting baphomet,Heavy Metal; Gótico
lacuna coil,trip the darkness,Heavy Metal; Gótico; Rock
lacuna coil,losing my religion,Heavy Metal; Gótico; Rock
lacuna coil,enjoy the silence,Heavy Metal; Gótico; Rock
lacuna coil,end of time,Heavy Metal; Gótico; Rock
lacuna coil,the house of shame,Heavy Metal; Gótico; Rock
lacuna coil,broken things,Heavy Metal; Gótico; Rock
lacuna coil,layers of time,Heavy Metal; Gótico; Rock
lacuna coil,delirium,Heavy Metal; Gótico; Rock
lacuna coil,entwined,Heavy Metal; Gótico; Rock
lacuna coil,swamped,Heavy Metal; Gótico; Rock
lacuna coil,spellbound,Heavy Metal; Gótico; Rock
lacuna coil,my demons,Heavy Metal; Gótico; Rock
lacuna coil,kill the light,Heavy Metal; Gótico; Rock
lacuna coil,intoxicated,Heavy Metal; Gótico; Rock
lacuna coil,a current obsession,Heavy Metal; Gótico; Rock
lacuna coil,aeon,Heavy Metal; Gótico; Rock
lacuna coil,against you,Heavy Metal; Gótico; Rock
lacuna coil,angels punishment,Heavy Metal; Gótico; Rock
lacuna coil,apocalypse,Heavy Metal; Gótico; Rock
lacuna coil,black anima,Heavy Metal; Gótico; Rock
lacuna coil,black dried up heart,Heavy Metal; Gótico; Rock
lacuna coil,black feathers,Heavy Metal; Gótico; Rock
lacuna coil,breakdown,Heavy Metal; Gótico; Rock
lacuna coil,claustrophobia,Heavy Metal; Gótico; Rock
lacuna coil,closer,Heavy Metal; Gótico; Rock
lacuna coil,cold heritage,Heavy Metal; Gótico; Rock
lacuna coil,cybersleep,Heavy Metal; Gótico; Rock
lacuna coil,daylight dancer,Heavy Metal; Gótico; Rock
lacuna coil,distant sun,Heavy Metal; Gótico; Rock
lacuna coil,downfall,Heavy Metal; Gótico; Rock
pearl jam,black,Grunge; Rock; Rock Alternativo
pearl jam,alive,Grunge; Rock; Rock Alternativo
pearl jam,last kiss,Grunge; Rock; Rock Alternativo
pearl jam,even flow,Grunge; Rock; Rock Alternativo
pearl jam,jeremy,Grunge; Rock; Rock Alternativo
pearl jam,better man,Grunge; Rock; Rock Alternativo
pearl jam,just breathe,Grunge; Rock; Rock Alternativo
pearl jam,daughter,Grunge; Rock; Rock Alternativo
pearl jam,i am mine,Grunge; Rock; Rock Alternativo
pearl jam,yellow ledbetter,Grunge; Rock; Rock Alternativo
pearl jam,sirens,Grunge; Rock; Rock Alternativo
pearl jam,soldier of love,Grunge; Rock; Rock Alternativo
pearl jam,future days,Grunge; Rock; Rock Alternativo
pearl jam,do the evolution,Grunge; Rock; Rock Alternativo
pearl jam,given to fly,Grunge; Rock; Rock Alternativo
pearl jam,oceans,Grunge; Rock; Rock Alternativo
pearl jam,come back,Grunge; Rock; Rock Alternativo
pearl jam,once,Grunge; Rock; Rock Alternativo
pearl jam,wishlist,Grunge; Rock; Rock Alternativo
pearl jam,nothingman,Grunge; Rock; Rock Alternativo
pearl jam,state of love and trust,Grunge; Rock; Rock Alternativo
pearl jam,release,Grunge; Rock; Rock Alternativo
pearl jam,elderly woman behind the counter in a small town,Grunge; Rock; Rock Alternativo
pearl jam,who ever said,Grunge; Rock; Rock Alternativo
pearl jam,blood,Grunge; Rock; Rock Alternativo
pearl jam,12 full,Grunge; Rock; Rock Alternativo
pearl jam,all or none,Grunge; Rock; Rock Alternativo
pearl jam,all those yesterdays,Grunge; Rock; Rock Alternativo
pearl jam,alright,Grunge; Rock; Rock Alternativo
pearl jam,amongst the waves,Grunge; Rock; Rock Alternativo
foo fighters,best of you,Rock Alternativo; Rock; Hard Rock
foo fighters,times like these,Rock Alternativo; Rock; Hard Rock
foo fighters,everlong,Rock Alternativo; Rock; Hard Rock
foo fighters,learn to fly,Rock Alternativo; Rock; Hard Rock
foo fighters,walk,Rock Alternativo; Rock; Hard Rock
foo fighters,all my life,Rock Alternativo; Rock; Hard Rock
foo fighters,the pretender,Rock Alternativo; Rock; Hard Rock
foo fighters,walking after you,Rock Alternativo; Rock; Hard Rock
foo fighters,these days,Rock Alternativo; Rock; Hard Rock
foo fighters,my hero,Rock Alternativo; Rock; Hard Rock
foo fighters,the sky is a neighborhood,Rock Alternativo; Rock; Hard Rock
foo fighters,next year,Rock Alternativo; Rock; Hard Rock
foo fighters,breakout,Rock Alternativo; Rock; Hard Rock
foo fighters,big me,Rock Alternativo; Rock; Hard Rock
foo fighters,waiting on a war,Rock Alternativo; Rock; Hard Rock
foo fighters,no son of mine,Rock Alternativo; Rock; Hard Rock
foo fighters,wheels,Rock Alternativo; Rock; Hard Rock
foo fighters,the one,Rock Alternativo; Rock; Hard Rock
foo fighters,making a fire,Rock Alternativo; Rock; Hard Rock
foo fighters,bridge burning,Rock Alternativo; Rock; Hard Rock
foo fighters,monkey wrench,Rock Alternativo; Rock; Hard Rock
foo fighters,shame shame,Rock Alternativo; Rock; Hard Rock
foo fighters,a matter of time,Rock Alternativo; Rock; Hard Rock
foo fighters,another round,Rock Alternativo; Rock; Hard Rock
foo fighters,arlandria,Rock Alternativo; Rock; Hard Rock
foo fighters,arrows,Rock Alternativo; Rock; Hard Rock
foo fighters,burn away,Rock Alternativo; Rock; Hard Rock
foo fighters,chasing birds,Rock Alternativo; Rock; Hard Rock
foo fighters,cloudspotter,Rock Alternativo; Rock; Hard Rock
foo fighters,cold day in the sun,Rock Alternativo; Rock; Hard Rock
alice in chains,would,Grunge; Rock
alice in chains,nutshell,Grunge; Rock
alice in chains,man in the box,Grunge; Rock
alice in chains,down in a hole,Grunge; Rock
alice in chains,rooster,Grunge; Rock
alice in chains,angry chair,Grunge; Rock
alice in chains,them bones,Grunge; Rock
alice in chains,bleed the freak,Grunge; Rock
alice in chains,no excuses,Grunge; Rock
alice in chains,voices,Grunge; Rock
alice in chains,dont follow,Grunge; Rock
alice in chains,heaven beside you,Grunge; Rock
alice in chains,sickman,Grunge; Rock
alice in chains,sea of sorrow,Grunge; Rock
alice in chains,we die young,Grunge; Rock
alice in chains,brother,Grunge; Rock
alice in chains,your decision,Grunge; Rock
alice in chains,love hate love,Grunge; Rock
alice in chains,dirt,Grunge; Rock
alice in chains,it aint like that,Grunge; Rock
alice in chains,rain when i die,Grunge; Rock
alice in chains,the one you know,Grunge; Rock
alice in chains,swing on this,Grunge; Rock
alice in chains,sludge factory,Grunge; Rock
alice in chains,again,Grunge; Rock
alice in chains,a little bitter,Grunge; Rock
alice in chains,a looking in view,Grunge; Rock
alice in chains,acid bubble,Grunge; Rock
alice in chains,all i am,Grunge; Rock
alice in chains,all secrets known,Grunge; Rock
soundgarden,black hole sun,Rock; Grunge
soundgarden,the day i tried to live,Rock; Grunge
soundgarden,rusty cage,Rock; Grunge
soundgarden,fell on black days,Rock; Grunge
soundgarden,jesus christ pose,Rock; Grunge
soundgarden,outshined,Rock; Grunge
soundgarden,spoonman,Rock; Grunge
soundgarden,somewhere,Rock; Grunge
soundgarden,burden in my hand,Rock; Grunge
soundgarden,nothing to say,Rock; Grunge
soundgarden,like suicide,Rock; Grunge
soundgarden,been away too long,Rock; Grunge
soundgarden,4th of july,Rock; Grunge
soundgarden,my wave,Rock; Grunge
soundgarden,ty cobb,Rock; Grunge
soundgarden,blow up the outside world,Rock; Grunge
soundgarden,pretty noose,Rock; Grunge
soundgarden,taree,Rock; Grunge
soundgarden,eyelids mouth,Rock; Grunge
soundgarden,loud love,Rock; Grunge
soundgarden,superunknown,Rock; Grunge
soundgarden,searching with my good eye closed,Rock; Grunge
soundgarden,head down,Rock; Grunge
soundgarden,665,Rock; Grunge
soundgarden,667,Rock; Grunge
soundgarden,a thousand days before,Rock; Grunge
soundgarden,all your lies,Rock; Grunge
soundgarden,an unkind,Rock; Grunge
soundgarden,attrition,Rock; Grunge
soundgarden,beyond the wheel,Rock; Grunge
scorpions,wind of change,Rock; Hard Rock; Heavy Metal
scorpions,still loving you,Rock; Hard Rock; Heavy Metal
scorpions,send me an angel,Rock; Hard Rock; Heavy Metal
scorpions,rock believer,Rock; Hard Rock; Heavy Metal
scorpions,rock you like a hurricane,Rock; Hard Rock; Heavy Metal
scorpions,no one like you,Rock; Hard Rock; Heavy Metal
scorpions,shining of your soul,Rock; Hard Rock; Heavy Metal
scorpions,gas in the tank,Rock; Hard Rock; Heavy Metal
scorpions,peacemaker,Rock; Hard Rock; Heavy Metal
scorpions,when the smoke is going down,Rock; Hard Rock; Heavy Metal
scorpions,shoot for your heart,Rock; Hard Rock; Heavy Metal
scorpions,the zoo,Rock; Hard Rock; Heavy Metal
scorpions,humanity,Rock; Hard Rock; Heavy Metal
scorpions,maybe i maybe you,Rock; Hard Rock; Heavy Metal
scorpions,believe in love,Rock; Hard Rock; Heavy Metal
scorpions,321,Rock; Hard Rock; Heavy Metal
scorpions,across the universe,Rock; Hard Rock; Heavy Metal
scorpions,alien nation,Rock; Hard Rock; Heavy Metal
scorpions,all day and all of the night,Rock; Hard Rock; Heavy Metal
scorpions,all for one,Rock; Hard Rock; Heavy Metal
scorpions,big city nights,Rock; Hard Rock; Heavy Metal
scorpions,blackout,Rock; Hard Rock; Heavy Metal
scorpions,blood too hot,Rock; Hard Rock; Heavy Metal
scorpions,borderline,Rock; Hard Rock; Heavy Metal
scorpions,call of the wild,Rock; Hard Rock; Heavy Metal
scorpions,can you feel it,Rock; Hard Rock; Heavy Metal
scorpions,catch your luck and play,Rock; Hard Rock; Heavy Metal
scorpions,children of the revolution,Rock; Hard Rock; Heavy Metal
scorpions,crazy ride,Rock; Hard Rock; Heavy Metal
scorpions,crossing borders,Rock; Hard Rock; Heavy Metal
slipknot,snuff,Hard Rock; Heavy Metal; Rock
slipknot,psychosocial,Hard Rock; Heavy Metal; Rock
slipknot,duality,Hard Rock; Heavy Metal; Rock
slipknot,before i forget,Hard Rock; Heavy Metal; Rock
slipknot,vermilion,Hard Rock; Heavy Metal; Rock
slipknot,the devil in i,Hard Rock; Heavy Metal; Rock
slipknot,wait and bleed,Hard Rock; Heavy Metal; Rock
slipknot,dead memories,Hard Rock; Heavy Metal; Rock
slipknot,unsainted,Hard Rock; Heavy Metal; Rock
slipknot,killpop,Hard Rock; Heavy Metal; Rock
slipknot,custer,Hard Rock; Heavy Metal; Rock
slipknot,solway firth,Hard Rock; Heavy Metal; Rock
slipknot,disasterpiece,Hard Rock; Heavy Metal; Rock
slipknot,spit it out,Hard Rock; Heavy Metal; Rock
slipknot,the chapeltown rag,Hard Rock; Heavy Metal; Rock
slipknot,xix,Hard Rock; Heavy Metal; Rock
slipknot,insert coin,Hard Rock; Heavy Metal; Rock
slipknot,my plague,Hard Rock; Heavy Metal; Rock
slipknot,surfacing,Hard Rock; Heavy Metal; Rock
slipknot,my pain,Hard Rock; Heavy Metal; Rock
slipknot,all hope is gone,Hard Rock; Heavy Metal; Rock
slipknot,all out life,Hard Rock; Heavy Metal; Rock
slipknot,aov,Hard Rock; Heavy Metal; Rock
slipknot,be prepared for hell,Hard Rock; Heavy Metal; Rock
slipknot,birth of the cruel,Hard Rock; Heavy Metal; Rock
slipknot,child of burning time,Hard Rock; Heavy Metal; Rock
slipknot,circle,Hard Rock; Heavy Metal; Rock
slipknot,critical darling,Hard Rock; Heavy Metal; Rock
slipknot,danger keep away,Hard Rock; Heavy Metal; Rock
slipknot,death because of death,Hard Rock; Heavy Metal; Rock
avenged sevenfold,so far away,Hard Rock; Heavy Metal; Rock
avenged sevenfold,nightmare,Hard Rock; Heavy Metal; Rock
avenged sevenfold,dear god,Hard Rock; Heavy Metal; Rock
avenged sevenfold,a little piece of heaven,Hard Rock; Heavy Metal; Rock
avenged sevenfold,seize the day,Hard Rock; Heavy Metal; Rock
avenged sevenfold,afterlife,Hard Rock; Heavy Metal; Rock
avenged sevenfold,danger line,Hard Rock; Heavy Metal; Rock
avenged sevenfold,hail to the king,Hard Rock; Heavy Metal; Rock
avenged sevenfold,heretic,Hard Rock; Heavy Metal; Rock
avenged sevenfold,set me free,Hard Rock; Heavy Metal; Rock
avenged sevenfold,buried alive,Hard Rock; Heavy Metal; Rock
avenged sevenfold,shepherd of fire,Hard Rock; Heavy Metal; Rock
avenged sevenfold,bat country,Hard Rock; Heavy Metal; Rock
avenged sevenfold,victim,Hard Rock; Heavy Metal; Rock
avenged sevenfold,fiction,Hard Rock; Heavy Metal; Rock
avenged sevenfold,demons,Hard Rock; Heavy Metal; Rock
avenged sevenfold,girl i know,Hard Rock; Heavy Metal; Rock
avenged sevenfold,and all things will end,Hard Rock; Heavy Metal; Rock
avenged sevenfold,blinded in chains,Hard Rock; Heavy Metal; Rock
avenged sevenfold,almost easy,Hard Rock; Heavy Metal; Rock
avenged sevenfold,save me,Hard Rock; Heavy Metal; Rock
avenged sevenfold,critical acclaim,Hard Rock; Heavy Metal; Rock
avenged sevenfold,the fight,Hard Rock; Heavy Metal; Rock
avenged sevenfold,gunslinger,Hard Rock; Heavy Metal; Rock
avenged sevenfold,welcome to the family,Hard Rock; Heavy Metal; Rock
avenged sevenfold,acid rain,Hard Rock; Heavy Metal; Rock
avenged sevenfold,an epic of time wasted,Hard Rock; Heavy Metal; Rock
avenged sevenfold,angels,Hard Rock; Heavy Metal; Rock
avenged sevenfold,as tears go by,Hard Rock; Heavy Metal; Rock
avenged sevenfold,beast and the harlot,Hard Rock; Heavy Metal; Rock
disturbed,the sound of silence,Rock; Hard Rock; Heavy Metal
disturbed,hold on to memories,Rock; Hard Rock; Heavy Metal
disturbed,down with the sickness,Rock; Hard Rock; Heavy Metal
disturbed,indestructible,Rock; Hard Rock; Heavy Metal
disturbed,the animal,Rock; Hard Rock; Heavy Metal
disturbed,the game,Rock; Hard Rock; Heavy Metal
disturbed,no more,Rock; Hard Rock; Heavy Metal
disturbed,stricken,Rock; Hard Rock; Heavy Metal
disturbed,a reason to fight,Rock; Hard Rock; Heavy Metal
disturbed,in another time,Rock; Hard Rock; Heavy Metal
disturbed,the night,Rock; Hard Rock; Heavy Metal
disturbed,voices,Rock; Hard Rock; Heavy Metal
disturbed,enough,Rock; Hard Rock; Heavy Metal
disturbed,inside the fire,Rock; Hard Rock; Heavy Metal
disturbed,immortalized,Rock; Hard Rock; Heavy Metal
disturbed,legion of monsters,Rock; Hard Rock; Heavy Metal
disturbed,my child,Rock; Hard Rock; Heavy Metal
disturbed,prayer,Rock; Hard Rock; Heavy Metal
disturbed,fear,Rock; Hard Rock; Heavy Metal
disturbed,numb,Rock; Hard Rock; Heavy Metal
disturbed,conflict,Rock; Hard Rock; Heavy Metal
disturbed,meaning of life,Rock; Hard Rock; Heavy Metal
disturbed,3,Rock; Hard Rock; Heavy Metal
disturbed,a welcome burden,Rock; Hard Rock; Heavy Metal
disturbed,already gone,Rock; Hard Rock; Heavy Metal
disturbed,another way to die,Rock; Hard Rock; Heavy Metal
disturbed,are you ready,Rock; Hard Rock; Heavy Metal
disturbed,asylum,Rock; Hard Rock; Heavy Metal
disturbed,avarice,Rock; Hard Rock; Heavy Metal
disturbed,awaken,Rock; Hard Rock; Heavy Metal
megadeth,symphony of destruction,Heavy Metal; Hard Rock; Rock
megadeth,a tout le monde,Heavy Metal; Hard Rock; Rock
megadeth,sweating bullets,Heavy Metal; Hard Rock; Rock
megadeth,peace sells,Heavy Metal; Hard Rock; Rock
megadeth,in my darkest hour,Heavy Metal; Hard Rock; Rock
megadeth,poisonous shadows,Heavy Metal; Hard Rock; Rock
megadeth,set the world afire,Heavy Metal; Hard Rock; Rock
megadeth,angry again,Heavy Metal; Hard Rock; Rock
megadeth,take no prisoners,Heavy Metal; Hard Rock; Rock
megadeth,lucretia,Heavy Metal; Hard Rock; Rock
megadeth,five magics,Heavy Metal; Hard Rock; Rock
megadeth,countdown to extinction,Heavy Metal; Hard Rock; Rock
megadeth,trust,Heavy Metal; Hard Rock; Rock
megadeth,conjuring,Heavy Metal; Hard Rock; Rock
megadeth,wake up dead,Heavy Metal; Hard Rock; Rock
megadeth,die dead enough,Heavy Metal; Hard Rock; Rock
megadeth,kill the king,Heavy Metal; Hard Rock; Rock
megadeth,dawn patrol,Heavy Metal; Hard Rock; Rock
megadeth,1000 times goodbye,Heavy Metal; Hard Rock; Rock
megadeth,13,Heavy Metal; Hard Rock; Rock
megadeth,44 minutes,Heavy Metal; Hard Rock; Rock
megadeth,a secret place,Heavy Metal; Hard Rock; Rock
megadeth,almost honest,Heavy Metal; Hard Rock; Rock
megadeth,amerikhastan,Heavy Metal; Hard Rock; Rock
megadeth,ashes in your mouth,Heavy Metal; Hard Rock; Rock
megadeth,back in the day,Heavy Metal; Hard Rock; Rock
megadeth,bite the hand,Heavy Metal; Hard Rock; Rock
megadeth,black friday,Heavy Metal; Hard Rock; Rock
megadeth,black swan,Heavy Metal; Hard Rock; Rock
megadeth,blackmail the universe,Heavy Metal; Hard Rock; Rock
judas priest,a touch of evil,Hard Rock; Heavy Metal
judas priest,all guns blazing,Hard Rock; Heavy Metal
judas priest,alone,Hard Rock; Heavy Metal
judas priest,angel,Hard Rock; Heavy Metal
judas priest,battle cry,Hard Rock; Heavy Metal
judas priest,beginning of the end,Hard Rock; Heavy Metal
judas priest,beyond the realms of death,Hard Rock; Heavy Metal
judas priest,bloodsuckers,Hard Rock; Heavy Metal
judas priest,breaking the law,Hard Rock; Heavy Metal
judas priest,bring it on,Hard Rock; Heavy Metal
judas priest,cheater,Hard Rock; Heavy Metal
judas priest,children of the sun,Hard Rock; Heavy Metal
judas priest,close to you,Hard Rock; Heavy Metal
judas priest,cold blooded,Hard Rock; Heavy Metal
judas priest,conquest,Hard Rock; Heavy Metal
judas priest,creatures,Hard Rock; Heavy Metal
judas priest,crossfire,Hard Rock; Heavy Metal
judas priest,cyberface,Hard Rock; Heavy Metal
judas priest,deal with the devil,Hard Rock; Heavy Metal
judas priest,death,Hard Rock; Heavy Metal
judas priest,deceiver,Hard Rock; Heavy Metal
judas priest,delivering the goods,Hard Rock; Heavy Metal
judas priest,demonizer,Hard Rock; Heavy Metal
judas priest,devil digger,Hard Rock; Heavy Metal
judas priest,diamonds and rust,Hard Rock; Heavy Metal
judas priest,dissident aggressor,Hard Rock; Heavy Metal
judas priest,down in flames,Hard Rock; Heavy Metal
judas priest,dragonaut,Hard Rock; Heavy Metal
judas priest,dreamer deceiver,Hard Rock; Heavy Metal
judas priest,dying to meet you,Hard Rock; Heavy Metal
bullet for my valentine,rainbow veins,Heavy Metal; Rock; Hard Rock
bullet for my valentine,waking the demon,Heavy Metal; Rock; Hard Rock
bullet for my valentine,hand of blood,Heavy Metal; Rock; Hard Rock
bullet for my valentine,your betrayal,Heavy Metal; Rock; Hard Rock
bullet for my valentine,no way out,Heavy Metal; Rock; Hard Rock
bullet for my valentine,hearts burst into fire,Heavy Metal; Rock; Hard Rock
bullet for my valentine,my reverie,Heavy Metal; Rock; Hard Rock
bullet for my valentine,bastards,Heavy Metal; Rock; Hard Rock
bullet for my valentine,road to nowhere,Heavy Metal; Rock; Hard Rock
bullet for my valentine,riot,Heavy Metal; Rock; Hard Rock
bullet for my valentine,parasite,Heavy Metal; Rock; Hard Rock
bullet for my valentine,army of noise,Heavy Metal; Rock; Hard Rock
bullet for my valentine,the poison,Heavy Metal; Rock; Hard Rock
bullet for my valentine,under again,Heavy Metal; Rock; Hard Rock
bullet for my valentine,paralysed,Heavy Metal; Rock; Hard Rock
bullet for my valentine,worthless,Heavy Metal; Rock; Hard Rock
bullet for my valentine,coma,Heavy Metal; Rock; Hard Rock
bullet for my valentine,leap of faith,Heavy Metal; Rock; Hard Rock
bullet for my valentine,a place where you belong,Heavy Metal; Rock; Hard Rock
bullet for my valentine,alone,Heavy Metal; Rock; Hard Rock
bullet for my valentine,ashes of the innocent,Heavy Metal; Rock; Hard Rock
bullet for my valentine,begging for mercy,Heavy Metal; Rock; Hard Rock
bullet for my valentine,bittersweet memories,Heavy Metal; Rock; Hard Rock
bullet for my valentine,breaking out,Heavy Metal; Rock; Hard Rock
bullet for my valentine,breaking point,Heavy Metal; Rock; Hard Rock
bullet for my valentine,breathe underwater,Heavy Metal; Rock; Hard Rock
bullet for my valentine,broken,Heavy Metal; Rock; Hard Rock
bullet for my valentine,crawling,Heavy Metal; Rock; Hard Rock
bullet for my valentine,cries in vain,Heavy Metal; Rock; Hard Rock
bullet for my valentine,curses,Heavy Metal; Rock; Hard Rock
papa roach,elevate,Rock; Hardcore; Hard Rock
papa roach,between angels and insects,Rock; Hardcore; Hard Rock
papa roach,american dreams,Rock; Hardcore; Hard Rock
papa roach,be free,Rock; Hardcore; Hard Rock
papa roach,before i die,Rock; Hardcore; Hard Rock
papa roach,binge,Rock; Hardcore; Hard Rock
papa roach,black clouds,Rock; Hardcore; Hard Rock
papa roach,blood brothers,Rock; Hardcore; Hard Rock
papa roach,born for greatness,Rock; Hardcore; Hard Rock
papa roach,break the fall,Rock; Hardcore; Hard Rock
papa roach,breathe you in,Rock; Hardcore; Hard Rock
papa roach,broken as me,Rock; Hardcore; Hard Rock
papa roach,broken home,Rock; Hardcore; Hard Rock
papa roach,burn,Rock; Hardcore; Hard Rock
papa roach,change or die,Rock; Hardcore; Hard Rock
papa roach,come around,Rock; Hardcore; Hard Rock
papa roach,crash,Rock; Hardcore; Hard Rock
papa roach,crooked teeth,Rock; Hardcore; Hard Rock
papa roach,cut the line,Rock; Hardcore; Hard Rock
papa roach,dead cell,Rock; Hardcore; Hard Rock
papa roach,decompression period,Rock; Hardcore; Hard Rock
papa roach,devil,Rock; Hardcore; Hard Rock
papa roach,do or die,Rock; Hardcore; Hard Rock
papa roach,done with you,Rock; Hardcore; Hard Rock
papa roach,dying to believe,Rock; Hardcore; Hard Rock
papa roach,face everything and rise,Rock; Hardcore; Hard Rock
papa roach,falling apart,Rock; Hardcore; Hard Rock
papa roach,fear hate love,Rock; Hardcore; Hard Rock
papa roach,feel like home,Rock; Hardcore; Hard Rock
papa roach,forever,Rock; Hardcore; Hard Rock
nofx,the decline,Hardcore; Punk Rock
nofx,linoleum,Hardcore; Punk Rock
nofx,13 stitches,Hardcore; Punk Rock
nofx,idiots are taking over,Hardcore; Punk Rock
nofx,drugs are good,Hardcore; Punk Rock
nofx,scavenger type,Hardcore; Punk Rock
nofx,dinosaurs will die,Hardcore; Punk Rock
nofx,cokie the clown,Hardcore; Punk Rock
nofx,seeing double at the triple rock,Hardcore; Punk Rock
nofx,the separation of church and skate,Hardcore; Punk Rock
nofx,just the flu,Hardcore; Punk Rock
nofx,bleeding heart disease,Hardcore; Punk Rock
nofx,shut up already,Hardcore; Punk Rock
nofx,180 degrees,Hardcore; Punk Rock
nofx,a200 club,Hardcore; Punk Rock
nofx,all my friends in new york,Hardcore; Punk Rock
nofx,all of me,Hardcore; Punk Rock
nofx,all outta angst,Hardcore; Punk Rock
nofx,always hate hippies,Hardcore; Punk Rock
nofx,and now for something completely similar,Hardcore; Punk Rock
nofx,arming the proletariat with potato guns,Hardcore; Punk Rock
nofx,bath of least resistance,Hardcore; Punk Rock
nofx,benny got blowed up,Hardcore; Punk Rock
nofx,bob,Hardcore; Punk Rock
nofx,bottles to the ground,Hardcore; Punk Rock
nofx,brain constipation,Hardcore; Punk Rock
nofx,codependence day,Hardcore; Punk Rock
nofx,cool and unusual punishment,Hardcore; Punk Rock
nofx,creeping out sara,Hardcore; Punk Rock
nofx,day to daze,Hardcore; Punk Rock
rise against,savior,Punk Rock; Hardcore; Rock
rise against,prayer of the refugee,Punk Rock; Hardcore; Rock
rise against,methadone,Punk Rock; Hardcore; Rock
rise against,ready to fall,Punk Rock; Hardcore; Rock
rise against,the good left undone,Punk Rock; Hardcore; Rock
rise against,swing life away,Punk Rock; Hardcore; Rock
rise against,satellite,Punk Rock; Hardcore; Rock
rise against,forfeit,Punk Rock; Hardcore; Rock
rise against,nowhere generation,Punk Rock; Hardcore; Rock
rise against,making christmas,Punk Rock; Hardcore; Rock
rise against,the numbers,Punk Rock; Hardcore; Rock
rise against,wolves,Punk Rock; Hardcore; Rock
rise against,people live here,Punk Rock; Hardcore; Rock
rise against,paper wings,Punk Rock; Hardcore; Rock
rise against,awake too long,Punk Rock; Hardcore; Rock
rise against,give it all,Punk Rock; Hardcore; Rock
rise against,from heads unworthy,Punk Rock; Hardcore; Rock
rise against,1000 good intentions,Punk Rock; Hardcore; Rock
rise against,3 day weekend,Punk Rock; Hardcore; Rock
rise against,a beautiful indifference,Punk Rock; Hardcore; Rock
rise against,alive and well,Punk Rock; Hardcore; Rock
rise against,amber changing,Punk Rock; Hardcore; Rock
rise against,anywhere but here,Punk Rock; Hardcore; Rock
rise against,architects,Punk Rock; Hardcore; Rock
rise against,audience of one,Punk Rock; Hardcore; Rock
rise against,ballad of hollis brown,Punk Rock; Hardcore; Rock
rise against,behind closed doors,Punk Rock; Hardcore; Rock
rise against,blind,Punk Rock; Hardcore; Rock
rise against,blood to bleed,Punk Rock; Hardcore; Rock
rise against,bricks,Punk Rock; Hardcore; Rock
pennywise,alien,Punk Rock; Hardcore; Rock
pennywise,fuck authority,Punk Rock; Hardcore; Rock
pennywise,time marches on,Punk Rock; Hardcore; Rock
pennywise,bro hymn,Punk Rock; Hardcore; Rock
pennywise,18 soldiers,Punk Rock; Hardcore; Rock
pennywise,6th avenue nightmare,Punk Rock; Hardcore; Rock
pennywise,a little hope,Punk Rock; Hardcore; Rock
pennywise,affliction,Punk Rock; Hardcore; Rock
pennywise,all along,Punk Rock; Hardcore; Rock
pennywise,all or nothing,Punk Rock; Hardcore; Rock
pennywise,all we need,Punk Rock; Hardcore; Rock
pennywise,anyone listening,Punk Rock; Hardcore; Rock
pennywise,badge of pride,Punk Rock; Hardcore; Rock
pennywise,best i can,Punk Rock; Hardcore; Rock
pennywise,change my mind,Punk Rock; Hardcore; Rock
pennywise,closer,Punk Rock; Hardcore; Rock
pennywise,competition song,Punk Rock; Hardcore; Rock
pennywise,confusion,Punk Rock; Hardcore; Rock
pennywise,die for you,Punk Rock; Hardcore; Rock
pennywise,disconnect,Punk Rock; Hardcore; Rock
pennywise,divine intervention,Punk Rock; Hardcore; Rock
pennywise,dying,Punk Rock; Hardcore; Rock
pennywise,enemy,Punk Rock; Hardcore; Rock
pennywise,faith and hope,Punk Rock; Hardcore; Rock
pennywise,falling down,Punk Rock; Hardcore; Rock
pennywise,fight till you die,Punk Rock; Hardcore; Rock
pennywise,final chapters,Punk Rock; Hardcore; Rock
pennywise,fox tv,Punk Rock; Hardcore; Rock
pennywise,god save the usa,Punk Rock; Hardcore; Rock
pennywise,holiday in the sun,Punk Rock; Hardcore; Rock
korn,freak on a leash,Heavy Metal; Rock; Hard Rock
korn,blind,Heavy Metal; Rock; Hard Rock
korn,penance to sorrow,Heavy Metal; Rock; Hard Rock
korn,twist,Heavy Metal; Rock; Hard Rock
korn,start the healing,Heavy Metal; Rock; Hard Rock
korn,can you hear me,Heavy Metal; Rock; Hard Rock
korn,hopeless and beaten,Heavy Metal; Rock; Hard Rock
korn,alone i break,Heavy Metal; Rock; Hard Rock
korn,thoughtless,Heavy Metal; Rock; Hard Rock
korn,my confession,Heavy Metal; Rock; Hard Rock
korn,falling away from me,Heavy Metal; Rock; Hard Rock
korn,coming undone,Heavy Metal; Rock; Hard Rock
korn,got the life,Heavy Metal; Rock; Hard Rock
korn,forgotten,Heavy Metal; Rock; Hard Rock
korn,cold,Heavy Metal; Rock; Hard Rock
korn,embrace,Heavy Metal; Rock; Hard Rock
korn,somebody someone,Heavy Metal; Rock; Hard Rock
korn,alive,Heavy Metal; Rock; Hard Rock
korn,beat it upright,Heavy Metal; Rock; Hard Rock
korn,bitch we got a problem,Heavy Metal; Rock; Hard Rock
korn,black is the soul,Heavy Metal; Rock; Hard Rock
korn,blame,Heavy Metal; Rock; Hard Rock
korn,break some off,Heavy Metal; Rock; Hard Rock
korn,chi,Heavy Metal; Rock; Hard Rock
korn,clown,Heavy Metal; Rock; Hard Rock
korn,counting on me,Heavy Metal; Rock; Hard Rock
korn,creep,Heavy Metal; Rock; Hard Rock
korn,deep inside,Heavy Metal; Rock; Hard Rock
korn,did my time,Heavy Metal; Rock; Hard Rock
korn,die another day,Heavy Metal; Rock; Hard Rock
sepultura,territory,Heavy Metal
sepultura,roots bloody roots,Heavy Metal
sepultura,orgasmatron,Heavy Metal
sepultura,isolation,Heavy Metal
sepultura,troops of doom,Heavy Metal
sepultura,trauma of war,Heavy Metal
sepultura,impending doom,Heavy Metal
sepultura,alethea,Heavy Metal
sepultura,cyber god,Heavy Metal
sepultura,i am the enemy,Heavy Metal
sepultura,biotech is godzilla,Heavy Metal
sepultura,the vatican,Heavy Metal
sepultura,dead embryonic cells,Heavy Metal
sepultura,activist,Heavy Metal
sepultura,agony of defeat,Heavy Metal
sepultura,ali,Heavy Metal
sepultura,apes of god,Heavy Metal
sepultura,arise,Heavy Metal
sepultura,as it is,Heavy Metal
sepultura,attitude,Heavy Metal
sepultura,autem,Heavy Metal
sepultura,beneath the remains,Heavy Metal
sepultura,border wars,Heavy Metal
sepultura,born strong,Heavy Metal
sepultura,born stubborn,Heavy Metal
sepultura,bottomed out,Heavy Metal
sepultura,breed apart,Heavy Metal
sepultura,bullet the blue sky,Heavy Metal
sepultura,buried words,Heavy Metal
sepultura,capital enslavement,Heavy Metal
five finger death punch,wrong side of heaven,Heavy Metal
five finger death punch,a little bit off,Heavy Metal
five finger death punch,bad company,Heavy Metal
five finger death punch,remember everything,Heavy Metal
five finger death punch,darkness settles in,Heavy Metal
five finger death punch,inside out,Heavy Metal
five finger death punch,wash it all away,Heavy Metal
five finger death punch,gone away,Heavy Metal
five finger death punch,far from home,Heavy Metal
five finger death punch,house of the rising sun,Heavy Metal
five finger death punch,i refuse,Heavy Metal
five finger death punch,under and over it,Heavy Metal
five finger death punch,brighter side of grey,Heavy Metal
five finger death punch,to be alone,Heavy Metal
five finger death punch,blue on black,Heavy Metal
five finger death punch,my nemesis,Heavy Metal
five finger death punch,question everything,Heavy Metal
five finger death punch,jekyll and hyde,Heavy Metal
five finger death punch,will the sun ever rise,Heavy Metal
five finger death punch,top of the world,Heavy Metal
five finger death punch,i apologize,Heavy Metal
five finger death punch,100 ways to hate,Heavy Metal
five finger death punch,a day in my life,Heavy Metal
five finger death punch,a place to die,Heavy Metal
five finger death punch,american capitalist,Heavy Metal
five finger death punch,anywhere but here,Heavy Metal
five finger death punch,ashes,Heavy Metal
five finger death punch,back for more,Heavy Metal
five finger death punch,bad seed,Heavy Metal
five finger death punch,battle born,Heavy Metal
motörhead,ace of spades,Heavy Metal; Rock; Hard Rock
motörhead,overkill,Heavy Metal; Rock; Hard Rock
motörhead,god was never on your side,Heavy Metal; Rock; Hard Rock
motörhead,trigger,Heavy Metal; Rock; Hard Rock
motörhead,in the name of tragedy,Heavy Metal; Rock; Hard Rock
motörhead,heroes,Heavy Metal; Rock; Hard Rock
motörhead,back on the chain,Heavy Metal; Rock; Hard Rock
motörhead,be my baby,Heavy Metal; Rock; Hard Rock
motörhead,born to lose,Heavy Metal; Rock; Hard Rock
motörhead,brave new world,Heavy Metal; Rock; Hard Rock
motörhead,brotherhood of man,Heavy Metal; Rock; Hard Rock
motörhead,buried alive,Heavy Metal; Rock; Hard Rock
motörhead,bye bye bitch bye bye,Heavy Metal; Rock; Hard Rock
motörhead,choking on your screams,Heavy Metal; Rock; Hard Rock
motörhead,christine,Heavy Metal; Rock; Hard Rock
motörhead,crying shame,Heavy Metal; Rock; Hard Rock
motörhead,death machine,Heavy Metal; Rock; Hard Rock
motörhead,devil i know,Heavy Metal; Rock; Hard Rock
motörhead,devils in my head,Heavy Metal; Rock; Hard Rock
motörhead,do you believe,Heavy Metal; Rock; Hard Rock
motörhead,down on me,Heavy Metal; Rock; Hard Rock
motörhead,down the line,Heavy Metal; Rock; Hard Rock
motörhead,dust and glass,Heavy Metal; Rock; Hard Rock
motörhead,electricity,Heavy Metal; Rock; Hard Rock
motörhead,end of time,Heavy Metal; Rock; Hard Rock
motörhead,english rose,Heavy Metal; Rock; Hard Rock
motörhead,evil eye,Heavy Metal; Rock; Hard Rock
motörhead,fight,Heavy Metal; Rock; Hard Rock
motörhead,fire storm hotel,Heavy Metal; Rock; Hard Rock
motörhead,get back in line,Heavy Metal; Rock; Hard Rock
cannibal corpse,i cum blood,Heavy Metal
cannibal corpse,hammer smashed face,Heavy Metal
cannibal corpse,scourge of iron,Heavy Metal
cannibal corpse,evisceration plague,Heavy Metal
cannibal corpse,a skull full of maggots,Heavy Metal
cannibal corpse,kill or become,Heavy Metal
cannibal corpse,bloodlands,Heavy Metal
cannibal corpse,no remorse,Heavy Metal
cannibal corpse,orgasm through torture,Heavy Metal
cannibal corpse,demented aggression,Heavy Metal
cannibal corpse,stripped raped and strangled,Heavy Metal
cannibal corpse,disposal of the body,Heavy Metal
cannibal corpse,staring through the eyes of the dead,Heavy Metal
cannibal corpse,covered with sores,Heavy Metal
cannibal corpse,devoured by vermin,Heavy Metal
cannibal corpse,necrosadistic warning,Heavy Metal
cannibal corpse,murder worship,Heavy Metal
cannibal corpse,priests of sodom,Heavy Metal
cannibal corpse,a cauldron of hate,Heavy Metal
cannibal corpse,a skeletal domain,Heavy Metal
cannibal corpse,absolute hatred,Heavy Metal
cannibal corpse,as deep as the knife will go,Heavy Metal
cannibal corpse,asphyxiate to resuscitate,Heavy Metal
cannibal corpse,barbaric bludgeonings,Heavy Metal
cannibal corpse,beheading and burning,Heavy Metal
cannibal corpse,bent backwards and broken,Heavy Metal
cannibal corpse,bloodstained cement,Heavy Metal
cannibal corpse,blowtorch slaughter,Heavy Metal
cannibal corpse,blunt force castration,Heavy Metal
cannibal corpse,bound and burned,Heavy Metal
black label society,in this river,Heavy Metal
black label society,angel of mercy,Heavy Metal
black label society,stillborn,Heavy Metal
black label society,fire it up,Heavy Metal
black label society,like a bird,Heavy Metal
black label society,funeral bell,Heavy Metal
black label society,sold my soul,Heavy Metal
black label society,the rose petalled garden,Heavy Metal
black label society,bored to tears,Heavy Metal
black label society,spoke in the wheel,Heavy Metal
black label society,just killing time,Heavy Metal
black label society,i never dreamed,Heavy Metal
black label society,overlord,Heavy Metal
black label society,all for you,Heavy Metal
black label society,set you free,Heavy Metal
black label society,berserkers,Heavy Metal
black label society,godspeed hellbound,Heavy Metal
black label society,the blessed hellride,Heavy Metal
black label society,bridge to cross,Heavy Metal
black label society,low down,Heavy Metal
black label society,forever down,Heavy Metal
black label society,been a long time,Heavy Metal
black label society,queen of sorrow,Heavy Metal
black label society,rust,Heavy Metal
black label society,13 years of grief,Heavy Metal
black label society,a love unreal,Heavy Metal
black label society,battering ram,Heavy Metal
black label society,believe,Heavy Metal
black label society,beneath the tree,Heavy Metal
black label society,beyond the down,Heavy Metal
dream theater,the looking glass,Progressivo; Heavy Metal; Rock
dream theater,pull me under,Progressivo; Heavy Metal; Rock
dream theater,this is the life,Progressivo; Heavy Metal; Rock
dream theater,as i am,Progressivo; Heavy Metal; Rock
dream theater,hollow years,Progressivo; Heavy Metal; Rock
dream theater,octavarium,Progressivo; Heavy Metal; Rock
dream theater,untethered angel,Progressivo; Heavy Metal; Rock
dream theater,another day,Progressivo; Heavy Metal; Rock
dream theater,one last time,Progressivo; Heavy Metal; Rock
dream theater,begin again,Progressivo; Heavy Metal; Rock
dream theater,learning to live,Progressivo; Heavy Metal; Rock
dream theater,forsaken,Progressivo; Heavy Metal; Rock
dream theater,beyond this life,Progressivo; Heavy Metal; Rock
dream theater,a better life,Progressivo; Heavy Metal; Rock
dream theater,a change of seasons,Progressivo; Heavy Metal; Rock
dream theater,a life left behind,Progressivo; Heavy Metal; Rock
dream theater,a new beginning,Progressivo; Heavy Metal; Rock
dream theater,a nightmare to remember,Progressivo; Heavy Metal; Rock
dream theater,a rite of passage,Progressivo; Heavy Metal; Rock
dream theater,a savior in the square,Progressivo; Heavy Metal; Rock
dream theater,a tempting offer,Progressivo; Heavy Metal; Rock
dream theater,a view from the top of the world,Progressivo; Heavy Metal; Rock
dream theater,about to crash,Progressivo; Heavy Metal; Rock
dream theater,act of faythe,Progressivo; Heavy Metal; Rock
dream theater,along for the ride,Progressivo; Heavy Metal; Rock
dream theater,answering the call,Progressivo; Heavy Metal; Rock
dream theater,astonishing,Progressivo; Heavy Metal; Rock
dream theater,awaken the master,Progressivo; Heavy Metal; Rock
dream theater,barstool warrior,Progressivo; Heavy Metal; Rock
dream theater,behind the veil,Progressivo; Heavy Metal; Rock
amon amarth,twilight of the thunder god,Heavy Metal
amon amarth,deceiver of the gods,Heavy Metal
amon amarth,father of the wolf,Heavy Metal
amon amarth,with oden on our side,Heavy Metal
amon amarth,the berserker at stamford bridge,Heavy Metal
amon amarth,the last stand of frej,Heavy Metal
amon amarth,the pursuit of vikings,Heavy Metal
amon amarth,live without regrets,Heavy Metal
amon amarth,back on northern shores,Heavy Metal
amon amarth,versus the world,Heavy Metal
amon amarth,a beast am i,Heavy Metal
amon amarth,a fury divine,Heavy Metal
amon amarth,across the rainbow bridge,Heavy Metal
amon amarth,aerials,Heavy Metal
amon amarth,an ancient sign of coming storm,Heavy Metal
amon amarth,annihilation of hammerfest,Heavy Metal
amon amarth,arson,Heavy Metal
amon amarth,as loke falls,Heavy Metal
amon amarth,as long as the raven flies,Heavy Metal
amon amarth,asator,Heavy Metal
amon amarth,bastards of a lying breed,Heavy Metal
amon amarth,blood eagle,Heavy Metal
amon amarth,bloodshed,Heavy Metal
amon amarth,burning anvil of steel,Heavy Metal
amon amarth,burning creation,Heavy Metal
amon amarth,coming of the tide,Heavy Metal
amon amarth,crack the sky,Heavy Metal
amon amarth,cry of the black birds,Heavy Metal
amon amarth,death in fire,Heavy Metal
amon amarth,destroyer of the universe,Heavy Metal
trivium,from dawn to decadence,Heavy Metal
trivium,until the world goes cold,Heavy Metal
trivium,catastrophist,Heavy Metal
trivium,the phalanx,Heavy Metal
trivium,like a sword over damocles,Heavy Metal
trivium,the shadow of the abattoir,Heavy Metal
trivium,in the court of the dragon,Heavy Metal
trivium,a crisis of revelation,Heavy Metal
trivium,sickness unto you,Heavy Metal
trivium,no way back just through,Heavy Metal
trivium,feast of fire,Heavy Metal
trivium,endless night,Heavy Metal
trivium,in waves,Heavy Metal
trivium,fall into your hands,Heavy Metal
trivium,the heart from your hate,Heavy Metal
trivium,a grey so dark,Heavy Metal
trivium,a gunshot to the head of trepidation,Heavy Metal
trivium,and sadness will sear,Heavy Metal
trivium,as i am exploding,Heavy Metal
trivium,ascendancy,Heavy Metal
trivium,at the end of this war,Heavy Metal
trivium,beauty in the sorrow,Heavy Metal
trivium,becoming the dragon,Heavy Metal
trivium,bending the arc to fear,Heavy Metal
trivium,beneath the sun,Heavy Metal
trivium,betrayer,Heavy Metal
trivium,beyond oblivion,Heavy Metal
trivium,black,Heavy Metal
trivium,bleed into me,Heavy Metal
trivium,blind leading the blind,Heavy Metal
hammerfall,at the end of the rainbow,Heavy Metal
hammerfall,not today,Heavy Metal
hammerfall,hammerfall,Heavy Metal
hammerfall,legacy of kings,Heavy Metal
hammerfall,steel meets steel,Heavy Metal
hammerfall,stone cold,Heavy Metal
hammerfall,child of the damned,Heavy Metal
hammerfall,bring the hammer down,Heavy Metal
hammerfall,genocide,Heavy Metal
hammerfall,heeding the call,Heavy Metal
hammerfall,glory to the brave,Heavy Metal
hammerfall,i refuse,Heavy Metal
hammerfall,second to one,Heavy Metal
hammerfall,dominion,Heavy Metal
hammerfall,let the hammer fall,Heavy Metal
hammerfall,last man standing,Heavy Metal
hammerfall,i want out,Heavy Metal
hammerfall,a legend reborn,Heavy Metal
hammerfall,always will be,Heavy Metal
hammerfall,and yet i smile,Heavy Metal
hammerfall,angel of mercy,Heavy Metal
hammerfall,any means necessary,Heavy Metal
hammerfall,back to back,Heavy Metal
hammerfall,between two worlds,Heavy Metal
hammerfall,blood bound,Heavy Metal
hammerfall,bloodline,Heavy Metal
hammerfall,born to rule,Heavy Metal
hammerfall,built to last,Heavy Metal
hammerfall,bushido,Heavy Metal
hammerfall,carved in stone,Heavy Metal
killswitch engage,i am broken too,Heavy Metal; Rock; Hardcore
killswitch engage,us against the world,Heavy Metal; Rock; Hardcore
killswitch engage,take control,Heavy Metal; Rock; Hardcore
killswitch engage,unleashed,Heavy Metal; Rock; Hardcore
killswitch engage,the arms of sorrow,Heavy Metal; Rock; Hardcore
killswitch engage,ravenous,Heavy Metal; Rock; Hardcore
killswitch engage,know your enemy,Heavy Metal; Rock; Hardcore
killswitch engage,as sure as the sun will rise,Heavy Metal; Rock; Hardcore
killswitch engage,alone i stand,Heavy Metal; Rock; Hardcore
killswitch engage,hate by design,Heavy Metal; Rock; Hardcore
killswitch engage,loyalty,Heavy Metal; Rock; Hardcore
killswitch engage,declaration,Heavy Metal; Rock; Hardcore
killswitch engage,when the balance is broken,Heavy Metal; Rock; Hardcore
killswitch engage,this is absolution,Heavy Metal; Rock; Hardcore
killswitch engage,for you,Heavy Metal; Rock; Hardcore
killswitch engage,my life for yours,Heavy Metal; Rock; Hardcore
killswitch engage,a light in a darkened world,Heavy Metal; Rock; Hardcore
killswitch engage,in due time,Heavy Metal; Rock; Hardcore
killswitch engage,the end of heartache,Heavy Metal; Rock; Hardcore
killswitch engage,a bid farewell,Heavy Metal; Rock; Hardcore
killswitch engage,a tribute to the fallen,Heavy Metal; Rock; Hardcore
killswitch engage,always,Heavy Metal; Rock; Hardcore
killswitch engage,and embers rise,Heavy Metal; Rock; Hardcore
killswitch engage,ascension,Heavy Metal; Rock; Hardcore
killswitch engage,be one,Heavy Metal; Rock; Hardcore
killswitch engage,beyond the flames,Heavy Metal; Rock; Hardcore
killswitch engage,bite the hand that feeds,Heavy Metal; Rock; Hardcore
killswitch engage,break the silence,Heavy Metal; Rock; Hardcore
killswitch engage,breathe life,Heavy Metal; Rock; Hardcore
killswitch engage,cut me loose,Heavy Metal; Rock; Hardcore
paradise lost,darker thoughts,Heavy Metal; Gótico
paradise lost,hallowed land,Heavy Metal; Gótico
paradise lost,never again,Heavy Metal; Gótico
paradise lost,defiler,Heavy Metal; Gótico
paradise lost,ghosts,Heavy Metal; Gótico
paradise lost,spirit,Heavy Metal; Gótico
paradise lost,fall from grace,Heavy Metal; Gótico
paradise lost,ending days,Heavy Metal; Gótico
paradise lost,hear the night,Heavy Metal; Gótico
paradise lost,hope dies young,Heavy Metal; Gótico
paradise lost,forsaken,Heavy Metal; Gótico
paradise lost,no hope in sight,Heavy Metal; Gótico
paradise lost,no reason,Heavy Metal; Gótico
paradise lost,shades of god,Heavy Metal; Gótico
paradise lost,small town boy,Heavy Metal; Gótico
paradise lost,last regret,Heavy Metal; Gótico
paradise lost,host,Heavy Metal; Gótico
paradise lost,accept the pain,Heavy Metal; Gótico
paradise lost,all you leave behind,Heavy Metal; Gótico
paradise lost,an eternity of lies,Heavy Metal; Gótico
paradise lost,as horizons end,Heavy Metal; Gótico
paradise lost,back on disaster,Heavy Metal; Gótico
paradise lost,behind the grey,Heavy Metal; Gótico
paradise lost,beneath black skies,Heavy Metal; Gótico
paradise lost,channel for the pain,Heavy Metal; Gótico
paradise lost,close your eyes,Heavy Metal; Gótico
paradise lost,control,Heavy Metal; Gótico
paradise lost,crucify,Heavy Metal; Gótico
paradise lost,deep,Heavy Metal; Gótico
paradise lost,divided,Heavy Metal; Gótico
mastodon,gigantium,Heavy Metal
mastodon,just got paid,Heavy Metal
mastodon,chimes at midnight,Heavy Metal
mastodon,more than i could chew,Heavy Metal
mastodon,pain with an anchor,Heavy Metal
mastodon,sickle and peace,Heavy Metal
mastodon,diamond in the witch house,Heavy Metal
mastodon,all the heavy lifting,Heavy Metal
mastodon,ancient kingdom,Heavy Metal
mastodon,andromeda,Heavy Metal
mastodon,aqua dementia,Heavy Metal
mastodon,asleep in the deep,Heavy Metal
mastodon,aunt lisa,Heavy Metal
mastodon,battle at sea,Heavy Metal
mastodon,bedazzled fingernails,Heavy Metal
mastodon,black tongue,Heavy Metal
mastodon,blasteroid,Heavy Metal
mastodon,blue walsh,Heavy Metal
mastodon,burning man,Heavy Metal
mastodon,capillarian crest,Heavy Metal
mastodon,circle of cysquatch,Heavy Metal
mastodon,clandestiny,Heavy Metal
mastodon,colony of birchmen,Heavy Metal
mastodon,crack the skye,Heavy Metal
mastodon,crusher destroyer,Heavy Metal
mastodon,crystal skull,Heavy Metal
mastodon,curl of the burl,Heavy Metal
mastodon,cut you up with a linoleum knife,Heavy Metal
mastodon,deep sea creature,Heavy Metal
mastodon,divinations,Heavy Metal
amorphis,a new day,Heavy Metal
amorphis,a servant,Heavy Metal
amorphis,against widows,Heavy Metal
amorphis,alone,Heavy Metal
amorphis,amongst stars,Heavy Metal
amorphis,battle for light,Heavy Metal
amorphis,black river,Heavy Metal
amorphis,black winter day,Heavy Metal
amorphis,born from fire,Heavy Metal
amorphis,captured state,Heavy Metal
amorphis,course of fate,Heavy Metal
amorphis,crimson wave,Heavy Metal
amorphis,daughter of hate,Heavy Metal
amorphis,day of your beliefs,Heavy Metal
amorphis,death of a king,Heavy Metal
amorphis,drifting memories,Heavy Metal
amorphis,drowned maid,Heavy Metal
amorphis,empty opening,Heavy Metal
amorphis,enchanted by the moon,Heavy Metal
amorphis,enigma,Heavy Metal
amorphis,ethereal solitude,Heavy Metal
amorphis,exile of the sons of uisliu,Heavy Metal
amorphis,far from the sun,Heavy Metal
amorphis,first doom,Heavy Metal
amorphis,forever more,Heavy Metal
amorphis,forgotten sunrise,Heavy Metal
amorphis,from earth i rose,Heavy Metal
amorphis,from the heaven of my heart,Heavy Metal
amorphis,god of deception,Heavy Metal
amorphis,grain of sand,Heavy Metal
lamb of god,resurrection man,Heavy Metal; Rock; Hardcore
lamb of god,gears,Heavy Metal; Rock; Hardcore
lamb of god,ghost walking,Heavy Metal; Rock; Hardcore
lamb of god,memento mori,Heavy Metal; Rock; Hardcore
lamb of god,laid to rest,Heavy Metal; Rock; Hardcore
lamb of god,hourglass,Heavy Metal; Rock; Hardcore
lamb of god,512,Heavy Metal; Rock; Hardcore
lamb of god,new colossal hate,Heavy Metal; Rock; Hardcore
lamb of god,reality bath,Heavy Metal; Rock; Hardcore
lamb of god,11th hour,Heavy Metal; Rock; Hardcore
lamb of god,a warning,Heavy Metal; Rock; Hardcore
lamb of god,again we rise,Heavy Metal; Rock; Hardcore
lamb of god,another nail for your coffin,Heavy Metal; Rock; Hardcore
lamb of god,anthropoid,Heavy Metal; Rock; Hardcore
lamb of god,as the palaces burn,Heavy Metal; Rock; Hardcore
lamb of god,ashes of the wake,Heavy Metal; Rock; Hardcore
lamb of god,black label,Heavy Metal; Rock; Hardcore
lamb of god,blacken the cursed sun,Heavy Metal; Rock; Hardcore
lamb of god,blood junkie,Heavy Metal; Rock; Hardcore
lamb of god,blood of the scribe,Heavy Metal; Rock; Hardcore
lamb of god,bloodshot eyes,Heavy Metal; Rock; Hardcore
lamb of god,break you,Heavy Metal; Rock; Hardcore
lamb of god,broken hands,Heavy Metal; Rock; Hardcore
lamb of god,cheated,Heavy Metal; Rock; Hardcore
lamb of god,checkmate,Heavy Metal; Rock; Hardcore
lamb of god,choke sermon,Heavy Metal; Rock; Hardcore
lamb of god,confessional,Heavy Metal; Rock; Hardcore
lamb of god,contractor,Heavy Metal; Rock; Hardcore
lamb of god,dead seeds,Heavy Metal; Rock; Hardcore
lamb of god,delusion pandemic,Heavy Metal; Rock; Hardcore
napalm death,nazi punks fuck off,Heavy Metal; Hardcore; New Wave
napalm death,suffer the children,Heavy Metal; Hardcore; New Wave
napalm death,a gag reflex,Heavy Metal; Hardcore; New Wave
napalm death,cause and effect,Heavy Metal; Hardcore; New Wave
napalm death,unchallenged hate,Heavy Metal; Hardcore; New Wave
napalm death,deceiver,Heavy Metal; Hardcore; New Wave
napalm death,circle of hypocrisy,Heavy Metal; Hardcore; New Wave
napalm death,siege of power,Heavy Metal; Hardcore; New Wave
napalm death,inner incineration,Heavy Metal; Hardcore; New Wave
napalm death,unfit earth,Heavy Metal; Hardcore; New Wave
napalm death,food chains,Heavy Metal; Hardcore; New Wave
napalm death,necessary evil,Heavy Metal; Hardcore; New Wave
napalm death,rise above,Heavy Metal; Hardcore; New Wave
napalm death,if the truth be known,Heavy Metal; Hardcore; New Wave
napalm death,diatribes,Heavy Metal; Hardcore; New Wave
napalm death,all hail the grey dawn,Heavy Metal; Hardcore; New Wave
napalm death,analysis paralysis,Heavy Metal; Hardcore; New Wave
napalm death,armageddon x 7,Heavy Metal; Hardcore; New Wave
napalm death,as the machine rolls on,Heavy Metal; Hardcore; New Wave
napalm death,blank look about face,Heavy Metal; Hardcore; New Wave
napalm death,blind to the truth,Heavy Metal; Hardcore; New Wave
napalm death,blows to the body,Heavy Metal; Hardcore; New Wave
napalm death,blunt against the cutting edge,Heavy Metal; Hardcore; New Wave
napalm death,born on your knees,Heavy Metal; Hardcore; New Wave
napalm death,breed to breathe,Heavy Metal; Hardcore; New Wave
napalm death,cesspits,Heavy Metal; Hardcore; New Wave
napalm death,cleanse impure,Heavy Metal; Hardcore; New Wave
napalm death,climate controllers,Heavy Metal; Hardcore; New Wave
napalm death,collision course,Heavy Metal; Hardcore; New Wave
napalm death,common enemy,Heavy Metal; Hardcore; New Wave
eminem,lose yourself,Hip Hop; Rap
eminem,the real slim shady,Hip Hop; Rap
eminem,rap god,Hip Hop; Rap
eminem,without me,Hip Hop; Rap
eminem,venom,Hip Hop; Rap
eminem,not afraid,Hip Hop; Rap
eminem,mockingbird,Hip Hop; Rap
eminem,beautiful,Hip Hop; Rap
eminem,my name is,Hip Hop; Rap
eminem,the way i am,Hip Hop; Rap
eminem,space bound,Hip Hop; Rap
eminem,higher,Hip Hop; Rap
eminem,just lose it,Hip Hop; Rap
eminem,business,Hip Hop; Rap
eminem,my mom,Hip Hop; Rap
eminem,sing for the moment,Hip Hop; Rap
eminem,25 to life,Hip Hop; Rap
eminem,almost famous,Hip Hop; Rap
eminem,arose,Hip Hop; Rap
eminem,ass like that,Hip Hop; Rap
eminem,baby,Hip Hop; Rap
eminem,bad guy,Hip Hop; Rap
eminem,bagpipes from baghdad,Hip Hop; Rap
eminem,believe,Hip Hop; Rap
eminem,berzerk,Hip Hop; Rap
eminem,big weenie,Hip Hop; Rap
eminem,brainless,Hip Hop; Rap
eminem,buffalo bill,Hip Hop; Rap
eminem,careful what you wish for,Hip Hop; Rap
eminem,castle,Hip Hop; Rap
drake,hotline bling,Rap; Hip Hop
drake,one dance,Rap; Hip Hop
drake,champagne poetry,Rap; Hip Hop
drake,ratchet happy birthday,Rap; Hip Hop
drake,toosie slide,Rap; Hip Hop
drake,finesse,Rap; Hip Hop
drake,do not disturb,Rap; Hip Hop
drake,know yourself,Rap; Hip Hop
drake,nonstop,Rap; Hip Hop
drake,legend,Rap; Hip Hop
drake,teenage fever,Rap; Hip Hop
drake,energy,Rap; Hip Hop
drake,jungle,Rap; Hip Hop
drake,passionfruit,Rap; Hip Hop
drake,10 bands,Rap; Hip Hop
drake,30 for 30 freestyle,Rap; Hip Hop
drake,4pm in calabasas,Rap; Hip Hop
drake,6 god,Rap; Hip Hop
drake,6 man,Rap; Hip Hop
drake,6pm in new york,Rap; Hip Hop
drake,7am on bridle path,Rap; Hip Hop
drake,8 out of 10,Rap; Hip Hop
drake,9,Rap; Hip Hop
drake,back to back,Rap; Hip Hop
drake,best i ever had,Rap; Hip Hop
drake,blem,Rap; Hip Hop
drake,blue tint,Rap; Hip Hop
drake,brand new,Rap; Hip Hop
drake,buried alive interlude,Rap; Hip Hop
drake,charged up,Rap; Hip Hop
mac miller,self care,Hip Hop; Rap; Pop
mac miller,blue world,Hip Hop; Rap; Pop
mac miller,2009,Hip Hop; Rap; Pop
mac miller,skin,Hip Hop; Rap; Pop
mac miller,ladders,Hip Hop; Rap; Pop
mac miller,dunno,Hip Hop; Rap; Pop
mac miller,inside outside,Hip Hop; Rap; Pop
mac miller,jet fuel,Hip Hop; Rap; Pop
mac miller,the spins,Hip Hop; Rap; Pop
mac miller,100 grandkids,Hip Hop; Rap; Pop
mac miller,hurt feelings,Hip Hop; Rap; Pop
mac miller,1 threw 8,Hip Hop; Rap; Pop
mac miller,all around the world,Hip Hop; Rap; Pop
mac miller,all i want is you,Hip Hop; Rap; Pop
mac miller,america,Hip Hop; Rap; Pop
mac miller,angel dust,Hip Hop; Rap; Pop
mac miller,another night,Hip Hop; Rap; Pop
mac miller,aquarium,Hip Hop; Rap; Pop
mac miller,ascension,Hip Hop; Rap; Pop
mac miller,ave maria,Hip Hop; Rap; Pop
mac miller,avian,Hip Hop; Rap; Pop
mac miller,bird call,Hip Hop; Rap; Pop
mac miller,blue slide park,Hip Hop; Rap; Pop
mac miller,brand name,Hip Hop; Rap; Pop
mac miller,break the law,Hip Hop; Rap; Pop
mac miller,buttons,Hip Hop; Rap; Pop
mac miller,clarity,Hip Hop; Rap; Pop
mac miller,clubhouse,Hip Hop; Rap; Pop
mac miller,colors and shapes,Hip Hop; Rap; Pop
mac miller,complicated,Hip Hop; Rap; Pop
lana del rey,born to die,Romântico; Indie
lana del rey,video games,Romântico; Indie
lana del rey,summertime sadness,Romântico; Indie
lana del rey,chemtrails over the country club,Romântico; Indie
lana del rey,cola,Romântico; Indie
lana del rey,blue jeans,Romântico; Indie
lana del rey,west coast,Romântico; Indie
lana del rey,love,Romântico; Indie
lana del rey,ride,Romântico; Indie
lana del rey,cherry,Romântico; Indie
lana del rey,brooklyn baby,Romântico; Indie
lana del rey,norman fucking rockwell,Romântico; Indie
lana del rey,young and beautiful,Romântico; Indie
lana del rey,happiness is a butterfly,Romântico; Indie
lana del rey,dark paradise,Romântico; Indie
lana del rey,diet mountain dew,Romântico; Indie
lana del rey,13 beaches,Romântico; Indie
lana del rey,24,Romântico; Indie
lana del rey,american,Romântico; Indie
lana del rey,art deco,Romântico; Indie
lana del rey,bartender,Romântico; Indie
lana del rey,bel air,Romântico; Indie
lana del rey,black beauty,Romântico; Indie
lana del rey,blue velvet,Romântico; Indie
lana del rey,body electric,Romântico; Indie
lana del rey,burning desire,Romântico; Indie
lana del rey,california,Romântico; Indie
lana del rey,carmen,Romântico; Indie
lana del rey,cinnamon girl,Romântico; Indie
lana del rey,cruel world,Romântico; Indie
arctic monkeys,i wanna be yours,Rock Alternativo; Rock; Indie
arctic monkeys,505,Rock Alternativo; Rock; Indie
arctic monkeys,fluorescent adolescent,Rock Alternativo; Rock; Indie
arctic monkeys,arabella,Rock Alternativo; Rock; Indie
arctic monkeys,mardy bum,Rock Alternativo; Rock; Indie
arctic monkeys,snap out of it,Rock Alternativo; Rock; Indie
arctic monkeys,a certain romance,Rock Alternativo; Rock; Indie
arctic monkeys,crying lightning,Rock Alternativo; Rock; Indie
arctic monkeys,knee socks,Rock Alternativo; Rock; Indie
arctic monkeys,when the sun goes down,Rock Alternativo; Rock; Indie
arctic monkeys,i bet you look good on the dancefloor,Rock Alternativo; Rock; Indie
arctic monkeys,fireside,Rock Alternativo; Rock; Indie
arctic monkeys,do me a favour,Rock Alternativo; Rock; Indie
arctic monkeys,four out of five,Rock Alternativo; Rock; Indie
arctic monkeys,stop the world i wanna get off with you,Rock Alternativo; Rock; Indie
arctic monkeys,brianstorm,Rock Alternativo; Rock; Indie
arctic monkeys,cornerstone,Rock Alternativo; Rock; Indie
arctic monkeys,old yellow bricks,Rock Alternativo; Rock; Indie
arctic monkeys,teddy picker,Rock Alternativo; Rock; Indie
arctic monkeys,she looks like fun,Rock Alternativo; Rock; Indie
arctic monkeys,one point perspective,Rock Alternativo; Rock; Indie
arctic monkeys,2013,Rock Alternativo; Rock; Indie
arctic monkeys,7,Rock Alternativo; Rock; Indie
arctic monkeys,all my own stunts,Rock Alternativo; Rock; Indie
arctic monkeys,american sports,Rock Alternativo; Rock; Indie
arctic monkeys,anyways,Rock Alternativo; Rock; Indie
arctic monkeys,bad woman,Rock Alternativo; Rock; Indie
arctic monkeys,balaclava,Rock Alternativo; Rock; Indie
arctic monkeys,batphone,Rock Alternativo; Rock; Indie
arctic monkeys,bigger boys and stolen sweethearts,Rock Alternativo; Rock; Indie
radiohead,karma police,Indie; Rock; Rock Alternativo
radiohead,no surprises,Indie; Rock; Rock Alternativo
radiohead,let down,Indie; Rock; Rock Alternativo
radiohead,paranoid android,Indie; Rock; Rock Alternativo
radiohead,all i need,Indie; Rock; Rock Alternativo
radiohead,how to disappear completely,Indie; Rock; Rock Alternativo
radiohead,lotus flower,Indie; Rock; Rock Alternativo
radiohead,present tense,Indie; Rock; Rock Alternativo
radiohead,separator,Indie; Rock; Rock Alternativo
radiohead,everything in its right place,Indie; Rock; Rock Alternativo
radiohead,i might be wrong,Indie; Rock; Rock Alternativo
radiohead,reckoner,Indie; Rock; Rock Alternativo
radiohead,i promise,Indie; Rock; Rock Alternativo
radiohead,backdrifts,Indie; Rock; Rock Alternativo
radiohead,15 step,Indie; Rock; Rock Alternativo
radiohead,4 minute warning,Indie; Rock; Rock Alternativo
radiohead,a reminder,Indie; Rock; Rock Alternativo
radiohead,a wolf at the door,Indie; Rock; Rock Alternativo
radiohead,airbag,Indie; Rock; Rock Alternativo
radiohead,bloom,Indie; Rock; Rock Alternativo
radiohead,bodysnatchers,Indie; Rock; Rock Alternativo
radiohead,burn the witch,Indie; Rock; Rock Alternativo
radiohead,climbing up the walls,Indie; Rock; Rock Alternativo
radiohead,codex,Indie; Rock; Rock Alternativo
radiohead,cuttooth,Indie; Rock; Rock Alternativo
radiohead,decks dark,Indie; Rock; Rock Alternativo
radiohead,desert island disk,Indie; Rock; Rock Alternativo
radiohead,dollars and cents,Indie; Rock; Rock Alternativo
radiohead,down is the new up,Indie; Rock; Rock Alternativo
radiohead,faust arp,Indie; Rock; Rock Alternativo
weezer,island in the sun,Indie; Rock; Rock Alternativo
weezer,all my favorite songs,Indie; Rock; Rock Alternativo
weezer,hash pipe,Indie; Rock; Rock Alternativo
weezer,perfect situation,Indie; Rock; Rock Alternativo
weezer,buddy holly,Indie; Rock; Rock Alternativo
weezer,stand by me,Indie; Rock; Rock Alternativo
weezer,qb blitz,Indie; Rock; Rock Alternativo
weezer,my best friend,Indie; Rock; Rock Alternativo
weezer,happy together,Indie; Rock; Rock Alternativo
weezer,hero,Indie; Rock; Rock Alternativo
weezer,grapes of wrath,Indie; Rock; Rock Alternativo
weezer,i need some of that,Indie; Rock; Rock Alternativo
weezer,take on me,Indie; Rock; Rock Alternativo
weezer,africa,Indie; Rock; Rock Alternativo
weezer,my name is jonas,Indie; Rock; Rock Alternativo
weezer,in the garage,Indie; Rock; Rock Alternativo
weezer,thank god for girls,Indie; Rock; Rock Alternativo
weezer,1 more hit,Indie; Rock; Rock Alternativo
weezer,all my friends are insects,Indie; Rock; Rock Alternativo
weezer,all the good ones,Indie; Rock; Rock Alternativo
weezer,aloo gobi,Indie; Rock; Rock Alternativo
weezer,american gigolo,Indie; Rock; Rock Alternativo
weezer,automatic,Indie; Rock; Rock Alternativo
weezer,autopilot,Indie; Rock; Rock Alternativo
weezer,back to the shack,Indie; Rock; Rock Alternativo
weezer,beach boys,Indie; Rock; Rock Alternativo
weezer,beginning of the end,Indie; Rock; Rock Alternativo
weezer,beverly hills,Indie; Rock; Rock Alternativo
weezer,bird with a broken wing,Indie; Rock; Rock Alternativo
weezer,blue dream,Indie; Rock; Rock Alternativo
death cab for cutie,transatlanticism,Indie
death cab for cutie,i will follow you into the dark,Indie
death cab for cutie,you can do better than me,Indie
death cab for cutie,this charming man,Indie
death cab for cutie,tiny vessels,Indie
death cab for cutie,northern lights,Indie
death cab for cutie,meet me on the equinox,Indie
death cab for cutie,20th century towers,Indie
death cab for cutie,405,Indie
death cab for cutie,a diamond and a tether,Indie
death cab for cutie,a lack of color,Indie
death cab for cutie,a movie script ending,Indie
death cab for cutie,all is full of love,Indie
death cab for cutie,amputations,Indie
death cab for cutie,army corps of architects,Indie
death cab for cutie,bixby canyon bridge,Indie
death cab for cutie,black sun,Indie
death cab for cutie,blacking out the friction,Indie
death cab for cutie,brothers on a hotel bed,Indie
death cab for cutie,champagne from a paper cup,Indie
death cab for cutie,codes and keys,Indie
death cab for cutie,company calls,Indie
death cab for cutie,company calls epilogue,Indie
death cab for cutie,coney island,Indie
death cab for cutie,crooked teeth,Indie
death cab for cutie,death of an interior decorator,Indie
death cab for cutie,debate exposes doubt,Indie
death cab for cutie,different names for the same thing,Indie
death cab for cutie,doors unlocked and open,Indie
death cab for cutie,dream scream,Indie
bright eyes,at the bottom of everything,Indie
bright eyes,mariana trench,Indie
bright eyes,a song to pass the time,Indie
bright eyes,amy in the white coat,Indie
bright eyes,an attempt to tip the scales,Indie
bright eyes,arienette,Indie
bright eyes,bad blood,Indie
bright eyes,blue angels air show,Indie
bright eyes,blue christmas,Indie
bright eyes,bowl of oranges,Indie
bright eyes,burn rubber,Indie
bright eyes,cartoon blues,Indie
bright eyes,classic cars,Indie
bright eyes,cleanse song,Indie
bright eyes,coat check dream song,Indie
bright eyes,coyote song,Indie
bright eyes,devil in the details,Indie
bright eyes,devil town,Indie
bright eyes,down in a rabbit hole,Indie
bright eyes,drunk kid catholic,Indie
bright eyes,false advertising,Indie
bright eyes,firewall,Indie
bright eyes,first day of my life,Indie
bright eyes,four winds,Indie
bright eyes,from a balance beam,Indie
bright eyes,gold mine gutted,Indie
bright eyes,haile selassie,Indie
bright eyes,hit the switch,Indie
bright eyes,hot knives,Indie
bright eyes,i believe in symmetry,Indie
animal collective,also frightened,Indie
animal collective,alvin row,Indie
animal collective,amanita,Indie
animal collective,applesauce,Indie
animal collective,april and the phantom,Indie
animal collective,baby day,Indie
animal collective,banshee beat,Indie
animal collective,bees,Indie
animal collective,bleed,Indie
animal collective,bluish,Indie
animal collective,brother sport,Indie
animal collective,chocolate girl,Indie
animal collective,chores,Indie
animal collective,cobwebs,Indie
animal collective,college,Indie
animal collective,cuckoo cuckoo,Indie
animal collective,daffy duck,Indie
animal collective,daily routine,Indie
animal collective,derek,Indie
animal collective,did you see the words,Indie
animal collective,doggy,Indie
animal collective,dragon slayer,Indie
animal collective,essplode,Indie
animal collective,father time,Indie
animal collective,fickle cycle,Indie
animal collective,fireworks,Indie
animal collective,flesh canoe,Indie
animal collective,floridada,Indie
animal collective,for reverend green,Indie
animal collective,forest gospel,Indie
guided by voices,motor away,Indie
guided by voices,run wild,Indie
guided by voices,a farewell to arms,Indie
guided by voices,a kind of love,Indie
guided by voices,a salty salute,Indie
guided by voices,a trophy mule in particular,Indie
guided by voices,always gone,Indie
guided by voices,andre the hawk,Indie
guided by voices,apology in advance,Indie
guided by voices,arthur has business elsewhere,Indie
guided by voices,asia minor,Indie
guided by voices,asphyxiated circle,Indie
guided by voices,back to the lake,Indie
guided by voices,bad and rare,Indie
guided by voices,beat your wings,Indie
guided by voices,big school,Indie
guided by voices,black ghost pie,Indie
guided by voices,break even,Indie
guided by voices,bulldog skin,Indie
guided by voices,bunco men,Indie
guided by voices,car language,Indie
guided by voices,cat beats a drum,Indie
guided by voices,chasing heather crazy,Indie
guided by voices,cheyenne,Indie
guided by voices,christian animation torch carriers,Indie
guided by voices,cruise,Indie
guided by voices,dank star ground control,Indie
guided by voices,dead cloud,Indie
guided by voices,demons are real,Indie
guided by voices,dirty water,Indie
elton john,your song,Soft Rock; Romântico; Pop/Rock
elton john,rocket man,Soft Rock; Romântico; Pop/Rock
elton john,sacrifice,Soft Rock; Romântico; Pop/Rock
elton john,can you feel the love tonight,Soft Rock; Romântico; Pop/Rock
elton john,nikita,Soft Rock; Romântico; Pop/Rock
elton john,goodbye yellow brick road,Soft Rock; Romântico; Pop/Rock
elton john,candle in the wind,Soft Rock; Romântico; Pop/Rock
elton john,the one,Soft Rock; Romântico; Pop/Rock
elton john,daniel,Soft Rock; Romântico; Pop/Rock
elton john,tiny dancer,Soft Rock; Romântico; Pop/Rock
elton john,circle of life,Soft Rock; Romântico; Pop/Rock
elton john,kiss the bride,Soft Rock; Romântico; Pop/Rock
elton john,bennie and the jets,Soft Rock; Romântico; Pop/Rock
elton john,a dream come true,Soft Rock; Romântico; Pop/Rock
elton john,a good heart,Soft Rock; Romântico; Pop/Rock
elton john,a town called jubilee,Soft Rock; Romântico; Pop/Rock
elton john,all the girls love alice,Soft Rock; Romântico; Pop/Rock
elton john,american triangle,Soft Rock; Romântico; Pop/Rock
elton john,and the house fell down,Soft Rock; Romântico; Pop/Rock
elton john,answer in the sky,Soft Rock; Romântico; Pop/Rock
elton john,ballad of the boy in the red shoes,Soft Rock; Romântico; Pop/Rock
elton john,believe,Soft Rock; Romântico; Pop/Rock
elton john,birds,Soft Rock; Romântico; Pop/Rock
elton john,blue eyes,Soft Rock; Romântico; Pop/Rock
elton john,blue wonderful,Soft Rock; Romântico; Pop/Rock
elton john,blues never fade away,Soft Rock; Romântico; Pop/Rock
elton john,burn down the mission,Soft Rock; Romântico; Pop/Rock
elton john,claw hammer,Soft Rock; Romântico; Pop/Rock
elton john,crocodile rock,Soft Rock; Romântico; Pop/Rock
elton john,dark diamond,Soft Rock; Romântico; Pop/Rock
sara bareilles,she used to be mine,Pop; Romântico
sara bareilles,never ever getting rid of me,Pop; Romântico
sara bareilles,gravity,Pop; Romântico
sara bareilles,love song,Pop; Romântico
sara bareilles,brave,Pop; Romântico
sara bareilles,many the miles,Pop; Romântico
sara bareilles,i choose you,Pop; Romântico
sara bareilles,little voice,Pop; Romântico
sara bareilles,orpheus,Pop; Romântico
sara bareilles,1000 times,Pop; Romântico
sara bareilles,goodbye yellow brick road,Pop; Romântico
sara bareilles,poetry by dead men,Pop; Romântico
sara bareilles,coming back to you,Pop; Romântico
sara bareilles,love on the rocks,Pop; Romântico
sara bareilles,opening up,Pop; Romântico
sara bareilles,more love,Pop; Romântico
sara bareilles,ghost light,Pop; Romântico
sara bareilles,armor,Pop; Romântico
sara bareilles,august moon,Pop; Romântico
sara bareilles,basket case,Pop; Romântico
sara bareilles,beautiful girl,Pop; Romântico
sara bareilles,between the lines,Pop; Romântico
sara bareilles,bluebird,Pop; Romântico
sara bareilles,bottle it up,Pop; Romântico
sara bareilles,breathe again,Pop; Romântico
sara bareilles,bright lights and cityscapes,Pop; Romântico
sara bareilles,chasing the sun,Pop; Romântico
sara bareilles,city,Pop; Romântico
sara bareilles,come round soon,Pop; Romântico
sara bareilles,dear hope,Pop; Romântico
relient k,deathbed,Pop/Punk; Gospel/Religioso; Rock
relient k,air for free,Pop/Punk; Gospel/Religioso; Rock
relient k,my girlfriend,Pop/Punk; Gospel/Religioso; Rock
relient k,i so hate consequences,Pop/Punk; Gospel/Religioso; Rock
relient k,let it all out,Pop/Punk; Gospel/Religioso; Rock
relient k,trademark,Pop/Punk; Gospel/Religioso; Rock
relient k,devastation and reform,Pop/Punk; Gospel/Religioso; Rock
relient k,lost boy,Pop/Punk; Gospel/Religioso; Rock
relient k,bee your man,Pop/Punk; Gospel/Religioso; Rock
relient k,cat,Pop/Punk; Gospel/Religioso; Rock
relient k,12 days of christmas,Pop/Punk; Gospel/Religioso; Rock
relient k,17 magazine,Pop/Punk; Gospel/Religioso; Rock
relient k,angels we have heard on high,Pop/Punk; Gospel/Religioso; Rock
relient k,apathetic way to be,Pop/Punk; Gospel/Religioso; Rock
relient k,at least we made it this far,Pop/Punk; Gospel/Religioso; Rock
relient k,baby,Pop/Punk; Gospel/Religioso; Rock
relient k,balloon ride,Pop/Punk; Gospel/Religioso; Rock
relient k,be my escape,Pop/Punk; Gospel/Religioso; Rock
relient k,beaming,Pop/Punk; Gospel/Religioso; Rock
relient k,bite my tongue,Pop/Punk; Gospel/Religioso; Rock
relient k,breakdown,Pop/Punk; Gospel/Religioso; Rock
relient k,candlelight,Pop/Punk; Gospel/Religioso; Rock
relient k,charles in charge,Pop/Punk; Gospel/Religioso; Rock
relient k,collapsible lung,Pop/Punk; Gospel/Religioso; Rock
relient k,college kids,Pop/Punk; Gospel/Religioso; Rock
relient k,come right out and say it,Pop/Punk; Gospel/Religioso; Rock
relient k,curl up and die,Pop/Punk; Gospel/Religioso; Rock
relient k,deck the halls,Pop/Punk; Gospel/Religioso; Rock
relient k,disaster,Pop/Punk; Gospel/Religioso; Rock
relient k,down in flames,Pop/Punk; Gospel/Religioso; Rock
new found glory,3rd and long,Pop/Punk; Punk Rock
new found glory,47,Pop/Punk; Punk Rock
new found glory,a thousand years,Pop/Punk; Punk Rock
new found glory,all about her,Pop/Punk; Punk Rock
new found glory,all downhill from here,Pop/Punk; Punk Rock
new found glory,angel,Pop/Punk; Punk Rock
new found glory,anthem for the unwanted,Pop/Punk; Punk Rock
new found glory,backseat,Pop/Punk; Punk Rock
new found glory,ballad for the lost romantics,Pop/Punk; Punk Rock
new found glory,belated,Pop/Punk; Punk Rock
new found glory,better off dead,Pop/Punk; Punk Rock
new found glory,black and blue,Pop/Punk; Punk Rock
new found glory,boulders,Pop/Punk; Punk Rock
new found glory,boy crazy,Pop/Punk; Punk Rock
new found glory,broken sound,Pop/Punk; Punk Rock
new found glory,caught in the act,Pop/Punk; Punk Rock
new found glory,come back bon jovi,Pop/Punk; Punk Rock
new found glory,coming home,Pop/Punk; Punk Rock
new found glory,connect the dots,Pop/Punk; Punk Rock
new found glory,connected,Pop/Punk; Punk Rock
new found glory,constant static,Pop/Punk; Punk Rock
new found glory,crazy for you,Pop/Punk; Punk Rock
new found glory,degenerate,Pop/Punk; Punk Rock
new found glory,dig my own grave,Pop/Punk; Punk Rock
new found glory,doubt full,Pop/Punk; Punk Rock
new found glory,dressed to kill,Pop/Punk; Punk Rock
new found glory,drill it in my brain,Pop/Punk; Punk Rock
new found glory,dumped,Pop/Punk; Punk Rock
new found glory,ending in tragedy,Pop/Punk; Punk Rock
new found glory,eye of the tiger,Pop/Punk; Punk Rock
alanis morissette,hand in my pocket,Pop/Rock; Rock
alanis morissette,ironic,Pop/Rock; Rock
alanis morissette,head over feet,Pop/Rock; Rock
alanis morissette,you oughta know,Pop/Rock; Rock
alanis morissette,you learn,Pop/Rock; Rock
alanis morissette,thank u,Pop/Rock; Rock
alanis morissette,that i would be good,Pop/Rock; Rock
alanis morissette,crazy,Pop/Rock; Rock
alanis morissette,uninvited,Pop/Rock; Rock
alanis morissette,hands clean,Pop/Rock; Rock
alanis morissette,guardian,Pop/Rock; Rock
alanis morissette,all i really want,Pop/Rock; Rock
alanis morissette,flinch,Pop/Rock; Rock
alanis morissette,reasons i drink,Pop/Rock; Rock
alanis morissette,perfect,Pop/Rock; Rock
alanis morissette,forgiven,Pop/Rock; Rock
alanis morissette,olive branch,Pop/Rock; Rock
alanis morissette,citizen of the planet,Pop/Rock; Rock
alanis morissette,offer,Pop/Rock; Rock
alanis morissette,21 things i want in a lover,Pop/Rock; Rock
alanis morissette,a man,Pop/Rock; Rock
alanis morissette,ablaze,Pop/Rock; Rock
alanis morissette,bent 4 u,Pop/Rock; Rock
alanis morissette,celebrity,Pop/Rock; Rock
alanis morissette,closer than you might believe,Pop/Rock; Rock
alanis morissette,comfort,Pop/Rock; Rock
alanis morissette,death of cinderella,Pop/Rock; Rock
alanis morissette,diagnosis,Pop/Rock; Rock
alanis morissette,doth i protest too much,Pop/Rock; Rock
alanis morissette,edge of evolution,Pop/Rock; Rock
boyce avenue,stand by me,Pop/Rock; Romântico
boyce avenue,someone you loved,Pop/Rock; Romântico
boyce avenue,you say,Pop/Rock; Romântico
boyce avenue,heaven,Pop/Rock; Romântico
boyce avenue,perfect,Pop/Rock; Romântico
boyce avenue,just the way you are,Pop/Rock; Romântico
boyce avenue,someone like you,Pop/Rock; Romântico
boyce avenue,wonderful tonight,Pop/Rock; Romântico
boyce avenue,fast car,Pop/Rock; Romântico
boyce avenue,a thousand miles,Pop/Rock; Romântico
boyce avenue,beautiful soul,Pop/Rock; Romântico
boyce avenue,a sky full of stars,Pop/Rock; Romântico
boyce avenue,a thousand years,Pop/Rock; Romântico
boyce avenue,all of me,Pop/Rock; Romântico
boyce avenue,anytime,Pop/Rock; Romântico
boyce avenue,apologize,Pop/Rock; Romântico
boyce avenue,babylon,Pop/Rock; Romântico
boyce avenue,bad habits,Pop/Rock; Romântico
boyce avenue,best of you,Pop/Rock; Romântico
boyce avenue,blackbird,Pop/Rock; Romântico
boyce avenue,blame,Pop/Rock; Romântico
boyce avenue,bleeding love,Pop/Rock; Romântico
boyce avenue,call me maybe,Pop/Rock; Romântico
boyce avenue,cheap thrills,Pop/Rock; Romântico
boyce avenue,closer,Pop/Rock; Romântico
boyce avenue,cold heart,Pop/Rock; Romântico
boyce avenue,dare to believe,Pop/Rock; Romântico
boyce avenue,daylight,Pop/Rock; Romântico
boyce avenue,dream on,Pop/Rock; Romântico
boyce avenue,drive,Pop/Rock; Romântico
rush,tom sawyer,Progressivo; Rock
rush,the spirit of radio,Progressivo; Rock
rush,bravado,Progressivo; Rock
rush,closer to the heart,Progressivo; Rock
rush,limelight,Progressivo; Rock
rush,finding my way,Progressivo; Rock
rush,time stand still,Progressivo; Rock
rush,2112,Progressivo; Rock
rush,animate,Progressivo; Rock
rush,roll the bones,Progressivo; Rock
rush,red sector a,Progressivo; Rock
rush,subdivisions,Progressivo; Rock
rush,a passage to bangkok,Progressivo; Rock
rush,distant early warning,Progressivo; Rock
rush,force ten,Progressivo; Rock
rush,the garden,Progressivo; Rock
rush,xanadu,Progressivo; Rock
rush,a farewell to kings,Progressivo; Rock
rush,anthem,Progressivo; Rock
rush,armor and sword,Progressivo; Rock
rush,bastille day,Progressivo; Rock
rush,between the wheels,Progressivo; Rock
rush,bravest face,Progressivo; Rock
rush,bu2b,Progressivo; Rock
rush,bu2b2,Progressivo; Rock
rush,caravan,Progressivo; Rock
rush,carnies,Progressivo; Rock
rush,ceiling unlimited,Progressivo; Rock
rush,cinderella man,Progressivo; Rock
rush,circumstances,Progressivo; Rock
the beatles,let it be,Rock; Psicodelia; Pop/Rock
the beatles,hey jude,Rock; Psicodelia; Pop/Rock
the beatles,here comes the sun,Rock; Psicodelia; Pop/Rock
the beatles,something,Rock; Psicodelia; Pop/Rock
the beatles,come together,Rock; Psicodelia; Pop/Rock
the beatles,i want to hold your hand,Rock; Psicodelia; Pop/Rock
the beatles,get back,Rock; Psicodelia; Pop/Rock
the beatles,all you need is love,Rock; Psicodelia; Pop/Rock
the beatles,while my guitar gently weeps,Rock; Psicodelia; Pop/Rock
the beatles,blackbird,Rock; Psicodelia; Pop/Rock
the beatles,yellow submarine,Rock; Psicodelia; Pop/Rock
the beatles,the long and winding road,Rock; Psicodelia; Pop/Rock
the beatles,a day in the life,Rock; Psicodelia; Pop/Rock
the beatles,strawberry fields forever,Rock; Psicodelia; Pop/Rock
the beatles,twist and shout,Rock; Psicodelia; Pop/Rock
the beatles,eleanor rigby,Rock; Psicodelia; Pop/Rock
the beatles,across the universe,Rock; Psicodelia; Pop/Rock
the beatles,all together now,Rock; Psicodelia; Pop/Rock
the beatles,and i love her,Rock; Psicodelia; Pop/Rock
the beatles,and your bird can sing,Rock; Psicodelia; Pop/Rock
the beatles,ask me why,Rock; Psicodelia; Pop/Rock
the beatles,beautiful dreamer,Rock; Psicodelia; Pop/Rock
the beatles,because,Rock; Psicodelia; Pop/Rock
the beatles,birthday,Rock; Psicodelia; Pop/Rock
the beatles,boys,Rock; Psicodelia; Pop/Rock
the beatles,carry that weight,Rock; Psicodelia; Pop/Rock
the beatles,chains,Rock; Psicodelia; Pop/Rock
the beatles,cry baby cry,Rock; Psicodelia; Pop/Rock
the beatles,dear prudence,Rock; Psicodelia; Pop/Rock
the beatles,devil in her heart,Rock; Psicodelia; Pop/Rock
red hot chili peppers,poster child,Rock Alternativo; Rock; Punk Rock
red hot chili peppers,californication,Rock Alternativo; Rock; Punk Rock
red hot chili peppers,black summer,Rock Alternativo; Rock; Punk Rock
red hot chili peppers,otherside,Rock Alternativo; Rock; Punk Rock
red hot chili peppers,under the bridge,Rock Alternativo; Rock; Punk Rock
red hot chili peppers,scar tissue,Rock Alternativo; Rock; Punk Rock
red hot chili peppers,by the way,Rock Alternativo; Rock; Punk Rock
red hot chili peppers,dark necessities,Rock Alternativo; Rock; Punk Rock
red hot chili peppers,dani california,Rock Alternativo; Rock; Punk Rock
red hot chili peppers,around the world,Rock Alternativo; Rock; Punk Rock
red hot chili peppers,the zephyr song,Rock Alternativo; Rock; Punk Rock
red hot chili peppers,universally speaking,Rock Alternativo; Rock; Punk Rock
red hot chili peppers,aeroplane,Rock Alternativo; Rock; Punk Rock
red hot chili peppers,give it away,Rock Alternativo; Rock; Punk Rock
red hot chili peppers,tell me baby,Rock Alternativo; Rock; Punk Rock
red hot chili peppers,soul to squeeze,Rock Alternativo; Rock; Punk Rock
red hot chili peppers,goodbye angels,Rock Alternativo; Rock; Punk Rock
red hot chili peppers,the adventures of rain dance maggie,Rock Alternativo; Rock; Punk Rock
red hot chili peppers,the getaway,Rock Alternativo; Rock; Punk Rock
red hot chili peppers,sick love,Rock Alternativo; Rock; Punk Rock
red hot chili peppers,the longest wave,Rock Alternativo; Rock; Punk Rock
red hot chili peppers,21st century,Rock Alternativo; Rock; Punk Rock
red hot chili peppers,a certain someone,Rock Alternativo; Rock; Punk Rock
red hot chili peppers,animal bar,Rock Alternativo; Rock; Punk Rock
red hot chili peppers,annie wants a baby,Rock Alternativo; Rock; Punk Rock
red hot chili peppers,apache rose peacock,Rock Alternativo; Rock; Punk Rock
red hot chili peppers,blood sugar sex magik,Rock Alternativo; Rock; Punk Rock
red hot chili peppers,brave from afar,Rock Alternativo; Rock; Punk Rock
red hot chili peppers,breaking the girl,Rock Alternativo; Rock; Punk Rock
red hot chili peppers,cabron,Rock Alternativo; Rock; Punk Rock
green day,boulevard of broken dreams,Rock; Punk Rock; Rock Alternativo
green day,wake me up when september ends,Rock; Punk Rock; Rock Alternativo
green day,basket case,Rock; Punk Rock; Rock Alternativo
green day,american idiot,Rock; Punk Rock; Rock Alternativo
green day,holiday,Rock; Punk Rock; Rock Alternativo
green day,21 guns,Rock; Punk Rock; Rock Alternativo
green day,jesus of suburbia,Rock; Punk Rock; Rock Alternativo
green day,when i come around,Rock; Punk Rock; Rock Alternativo
green day,she,Rock; Punk Rock; Rock Alternativo
green day,welcome to paradise,Rock; Punk Rock; Rock Alternativo
green day,last night on earth,Rock; Punk Rock; Rock Alternativo
green day,nice guys finish last,Rock; Punk Rock; Rock Alternativo
green day,homecoming,Rock; Punk Rock; Rock Alternativo
green day,21st century breakdown,Rock; Punk Rock; Rock Alternativo
green day,minority,Rock; Punk Rock; Rock Alternativo
green day,outsider,Rock; Punk Rock; Rock Alternativo
green day,sweet 16,Rock; Punk Rock; Rock Alternativo
green day,2000 light years away,Rock; Punk Rock; Rock Alternativo
green day,8th avenue serenade,Rock; Punk Rock; Rock Alternativo
green day,99 revolutions,Rock; Punk Rock; Rock Alternativo
green day,a little boy named train,Rock; Punk Rock; Rock Alternativo
green day,all the time,Rock; Punk Rock; Rock Alternativo
green day,amanda,Rock; Punk Rock; Rock Alternativo
green day,angel blue,Rock; Punk Rock; Rock Alternativo
green day,are we the waiting,Rock; Punk Rock; Rock Alternativo
green day,ashley,Rock; Punk Rock; Rock Alternativo
green day,baby eyes,Rock; Punk Rock; Rock Alternativo
green day,back in the usa,Rock; Punk Rock; Rock Alternativo
green day,bang bang,Rock; Punk Rock; Rock Alternativo
green day,before the lobotomy,Rock; Punk Rock; Rock Alternativo
bad religion,1000 memories,Punk Rock; Rock
bad religion,52 seconds,Punk Rock; Rock
bad religion,a streetkid named desire,Punk Rock; Rock
bad religion,a world without melody,Punk Rock; Rock
bad religion,ad hominem,Punk Rock; Rock
bad religion,age of unreason,Punk Rock; Rock
bad religion,all there is,Punk Rock; Rock
bad religion,american jesus,Punk Rock; Rock
bad religion,atheist peace,Punk Rock; Rock
bad religion,avalon,Punk Rock; Rock
bad religion,before you die,Punk Rock; Rock
bad religion,believe it,Punk Rock; Rock
bad religion,best for you,Punk Rock; Rock
bad religion,beyond electric dreams,Punk Rock; Rock
bad religion,big black dog,Punk Rock; Rock
bad religion,boot stamping on a human face forever,Punk Rock; Rock
bad religion,bored and extremely dangerous,Punk Rock; Rock
bad religion,broken,Punk Rock; Rock
bad religion,candidate,Punk Rock; Rock
bad religion,changing tide,Punk Rock; Rock
bad religion,chaos from within,Punk Rock; Rock
bad religion,crisis time,Punk Rock; Rock
bad religion,cyanide,Punk Rock; Rock
bad religion,dearly beloved,Punk Rock; Rock
bad religion,destined for nothing,Punk Rock; Rock
bad religion,dharma and the bomb,Punk Rock; Rock
bad religion,do the paranoid style,Punk Rock; Rock
bad religion,downfall,Punk Rock; Rock
bad religion,emancipation of the mind,Punk Rock; Rock
bad religion,end of history,Punk Rock; Rock
mxpx,punk rawk show,Punk Rock
mxpx,the darkest places,Punk Rock
mxpx,wrecking hotel rooms,Punk Rock
mxpx,1 and 3,Punk Rock
mxpx,aces up,Punk Rock
mxpx,angels,Punk Rock
mxpx,bass so low,Punk Rock
mxpx,best of times,Punk Rock
mxpx,breathe deep,Punk Rock
mxpx,buildings tumble,Punk Rock
mxpx,call in sick,Punk Rock
mxpx,cast down my heart,Punk Rock
mxpx,chick magnet,Punk Rock
mxpx,christmas day,Punk Rock
mxpx,cold and all alone,Punk Rock
mxpx,cold streets,Punk Rock
mxpx,contention,Punk Rock
mxpx,do your feet hurt,Punk Rock
mxpx,doing time,Punk Rock
mxpx,dolores,Punk Rock
mxpx,drowning,Punk Rock
mxpx,educated guess,Punk Rock
mxpx,emotional anarchist,Punk Rock
mxpx,every light,Punk Rock
mxpx,far away,Punk Rock
mxpx,first day of the rest of our lives,Punk Rock
mxpx,foolish,Punk Rock
mxpx,for always,Punk Rock
mxpx,get me out,Punk Rock
mxpx,grey skies turn blue,Punk Rock
less than jake,welcome to the new south,Punk Rock; Rock; Ska
less than jake,1989,Punk Rock; Rock; Ska
less than jake,24 hours in paramus,Punk Rock; Rock; Ska
less than jake,a return to headphones,Punk Rock; Rock; Ska
less than jake,a still life franchise,Punk Rock; Rock; Ska
less than jake,abandon ship,Punk Rock; Rock; Ska
less than jake,bad scene and a basement show,Punk Rock; Rock; Ska
less than jake,big,Punk Rock; Rock; Ska
less than jake,bigger picture,Punk Rock; Rock; Ska
less than jake,blindsided,Punk Rock; Rock; Ska
less than jake,bomb drop,Punk Rock; Rock; Ska
less than jake,boomtown,Punk Rock; Rock; Ska
less than jake,bridge and tunnel authority,Punk Rock; Rock; Ska
less than jake,city of gainesville,Punk Rock; Rock; Ska
less than jake,conviction notice,Punk Rock; Rock; Ska
less than jake,descant,Punk Rock; Rock; Ska
less than jake,devil in my dna,Punk Rock; Rock; Ska
less than jake,done and dusted,Punk Rock; Rock; Ska
less than jake,down in the mission,Punk Rock; Rock; Ska
less than jake,downbeat,Punk Rock; Rock; Ska
less than jake,dukes of hazzard,Punk Rock; Rock; Ska
less than jake,evil has no boundaries,Punk Rock; Rock; Ska
less than jake,faction,Punk Rock; Rock; Ska
less than jake,fall apart,Punk Rock; Rock; Ska
less than jake,finer points of forgiveness,Punk Rock; Rock; Ska
less than jake,freeze frame,Punk Rock; Rock; Ska
less than jake,fucked,Punk Rock; Rock; Ska
less than jake,gainesville rock city,Punk Rock; Rock; Ska
less than jake,glumble,Punk Rock; Rock; Ska
less than jake,golden age of my negative ways,Punk Rock; Rock; Ska
nas,one love,Rap
nas,purple,Rap
nas,drunk by myself,Rap
nas,get down,Rap
nas,i can,Rap
nas,street dreams,Rap
nas,the world is yours,Rap
nas,10 points,Rap
nas,27 summers,Rap
nas,2nd childhood,Rap
nas,40 side,Rap
nas,a queens story,Rap
nas,accident murderers,Rap
nas,america,Rap
nas,back when,Rap
nas,black president,Rap
nas,black zombie,Rap
nas,blaze a 50,Rap
nas,blue benz,Rap
nas,blunt ashes,Rap
nas,book of rhymes,Rap
nas,breathe,Rap
nas,bye baby,Rap
nas,carry on tradition,Rap
nas,dance,Rap
nas,daughters,Rap
nas,death row east,Rap
nas,dedicated,Rap
nas,disciple,Rap
nas,doo rags,Rap
311,love song,Rock; Surf Music; Reggae
311,amber,Rock; Surf Music; Reggae
311,sometimes jacks rule the realm,Rock; Surf Music; Reggae
311,from chaos,Rock; Surf Music; Reggae
311,beautiful disaster,Rock; Surf Music; Reggae
311,same mistake twice,Rock; Surf Music; Reggae
311,ebb and flow,Rock; Surf Music; Reggae
311,revelation of the year,Rock; Surf Music; Reggae
311,do you right,Rock; Surf Music; Reggae
311,give me a call,Rock; Surf Music; Reggae
311,wake your mind up,Rock; Surf Music; Reggae
311,five of everything,Rock; Surf Music; Reggae
311,showdown,Rock; Surf Music; Reggae
311,sunset in july,Rock; Surf Music; Reggae
311,born to live,Rock; Surf Music; Reggae
311,still dreaming,Rock; Surf Music; Reggae
311,seems uncertain,Rock; Surf Music; Reggae
311,reconsider everything,Rock; Surf Music; Reggae
311,all mixed up,Rock; Surf Music; Reggae
311,and a ways to go,Rock; Surf Music; Reggae
311,better space,Rock; Surf Music; Reggae
311,beyond the gray sky,Rock; Surf Music; Reggae
311,bomb the town,Rock; Surf Music; Reggae
311,boom shanka,Rock; Surf Music; Reggae
311,champagne,Rock; Surf Music; Reggae
311,charge it up,Rock; Surf Music; Reggae
311,come original,Rock; Surf Music; Reggae
311,count me in,Rock; Surf Music; Reggae
311,crack the code,Rock; Surf Music; Reggae
311,crossfire,Rock; Surf Music; Reggae
bruce springsteen,dancing in the dark,Rock
bruce springsteen,born in the usa,Rock
bruce springsteen,born to run,Rock
bruce springsteen,secret garden,Rock
bruce springsteen,pay me my money down,Rock
bruce springsteen,the ghost of tom joad,Rock
bruce springsteen,thunder road,Rock
bruce springsteen,janey needs a shooter,Rock
bruce springsteen,my hometown,Rock
bruce springsteen,tougher than the rest,Rock
bruce springsteen,letter to you,Rock
bruce springsteen,badlands,Rock
bruce springsteen,fire,Rock
bruce springsteen,the river,Rock
bruce springsteen,incident on 57th street,Rock
bruce springsteen,action in the streets,Rock
bruce springsteen,all the way home,Rock
bruce springsteen,american land,Rock
bruce springsteen,atlantic city,Rock
bruce springsteen,backstreets,Rock
bruce springsteen,because the night,Rock
bruce springsteen,better days,Rock
bruce springsteen,black cowboys,Rock
bruce springsteen,breakaway,Rock
bruce springsteen,brilliant disguise,Rock
bruce springsteen,buffalo gals,Rock
bruce springsteen,chimes of freedom,Rock
bruce springsteen,city of night,Rock
bruce springsteen,darkness on the edge of town,Rock
bruce springsteen,down in the hole,Rock
incubus,drive,Rock; Rock Alternativo
incubus,wish you were here,Rock; Rock Alternativo
incubus,adolescents,Rock; Rock Alternativo
incubus,dig,Rock; Rock Alternativo
incubus,love hurts,Rock; Rock Alternativo
incubus,megalomaniac,Rock; Rock Alternativo
incubus,i miss you,Rock; Rock Alternativo
incubus,anna molly,Rock; Rock Alternativo
incubus,pardon me,Rock; Rock Alternativo
incubus,our love,Rock; Rock Alternativo
incubus,into the summer,Rock; Rock Alternativo
incubus,state of the art,Rock; Rock Alternativo
incubus,talk shows on mute,Rock; Rock Alternativo
incubus,stellar,Rock; Rock Alternativo
incubus,nice to know you,Rock; Rock Alternativo
incubus,undefeated,Rock; Rock Alternativo
incubus,a crow left of the murder,Rock; Rock Alternativo
incubus,warning,Rock; Rock Alternativo
incubus,just a phase,Rock; Rock Alternativo
incubus,a kiss to send us off,Rock; Rock Alternativo
incubus,11am,Rock; Rock Alternativo
incubus,a certain shade of green,Rock; Rock Alternativo
incubus,absolution calling,Rock; Rock Alternativo
incubus,admiration,Rock; Rock Alternativo
incubus,agoraphobia,Rock; Rock Alternativo
incubus,anything,Rock; Rock Alternativo
incubus,aqueous transmission,Rock; Rock Alternativo
incubus,black heart inertia,Rock; Rock Alternativo
incubus,blood on the ground,Rock; Rock Alternativo
incubus,circles,Rock; Rock Alternativo
the beach boys,kokomo,Surf Music; Rock
the beach boys,be true to your school,Surf Music; Rock
the beach boys,good vibrations,Surf Music; Rock
the beach boys,god only knows,Surf Music; Rock
the beach boys,california girls,Surf Music; Rock
the beach boys,please let me wonder,Surf Music; Rock
the beach boys,little deuce coupe,Surf Music; Rock
the beach boys,hushabye,Surf Music; Rock
the beach boys,big sur,Surf Music; Rock
the beach boys,409,Surf Music; Rock
the beach boys,add some music to your day,Surf Music; Rock
the beach boys,all summer long,Surf Music; Rock
the beach boys,all this is that,Surf Music; Rock
the beach boys,auld lang syne,Surf Music; Rock
the beach boys,barbara ann,Surf Music; Rock
the beach boys,beaches in mind,Surf Music; Rock
the beach boys,bells of christmas,Surf Music; Rock
the beach boys,blue christmas,Surf Music; Rock
the beach boys,brian wilson christmas interview,Surf Music; Rock
the beach boys,catch a wave,Surf Music; Rock
the beach boys,child is father of the man,Surf Music; Rock
the beach boys,christmas day,Surf Music; Rock
the beach boys,come go with me,Surf Music; Rock
the beach boys,daybreak over the ocean,Surf Music; Rock
the beach boys,deirdre,Surf Music; Rock
the beach boys,dennis wilson christmas message,Surf Music; Rock
the beach boys,disney girls,Surf Music; Rock
the beach boys,do it again,Surf Music; Rock
the beach boys,feel flows,Surf Music; Rock
the beach boys,forever,Surf Music; Rock
seether,wasteland,Rock; Hard Rock; Grunge
seether,careless whisper,Rock; Hard Rock; Grunge
seether,fine again,Rock; Hard Rock; Grunge
seether,liar,Rock; Hard Rock; Grunge
seether,weak,Rock; Hard Rock; Grunge
seether,the gift,Rock; Hard Rock; Grunge
seether,breakdown,Rock; Hard Rock; Grunge
seether,driven under,Rock; Hard Rock; Grunge
seether,love her,Rock; Hard Rock; Grunge
seether,save today,Rock; Hard Rock; Grunge
seether,never leave,Rock; Hard Rock; Grunge
seether,immortality,Rock; Hard Rock; Grunge
seether,words as weapons,Rock; Hard Rock; Grunge
seether,drift away,Rock; Hard Rock; Grunge
seether,failure,Rock; Hard Rock; Grunge
seether,nobody praying for me,Rock; Hard Rock; Grunge
seether,truth,Rock; Hard Rock; Grunge
seether,betray and degrade,Rock; Hard Rock; Grunge
seether,your bore,Rock; Hard Rock; Grunge
seether,fuck it,Rock; Hard Rock; Grunge
seether,sold me,Rock; Hard Rock; Grunge
seether,6 gun quota,Rock; Hard Rock; Grunge
seether,69 tea,Rock; Hard Rock; Grunge
seether,against the wall,Rock; Hard Rock; Grunge
seether,because of me,Rock; Hard Rock; Grunge
seether,beg,Rock; Hard Rock; Grunge
seether,bruised and bloodied,Rock; Hard Rock; Grunge
seether,burrito,Rock; Hard Rock; Grunge
seether,cigarettes,Rock; Hard Rock; Grunge
seether,count me out,Rock; Hard Rock; Grunge
jimmy eat world,the middle,Rock
jimmy eat world,23,Rock
jimmy eat world,555,Rock
jimmy eat world,a praise chorus,Rock
jimmy eat world,a sunday,Rock
jimmy eat world,action needs an audience,Rock
jimmy eat world,always be,Rock
jimmy eat world,anais,Rock
jimmy eat world,appreciation,Rock
jimmy eat world,be sensible,Rock
jimmy eat world,believe in what you want,Rock
jimmy eat world,big casino,Rock
jimmy eat world,bleed american,Rock
jimmy eat world,blister,Rock
jimmy eat world,carry you,Rock
jimmy eat world,cautioners,Rock
jimmy eat world,chase this light,Rock
jimmy eat world,christmas card,Rock
jimmy eat world,clarity,Rock
jimmy eat world,closer,Rock
jimmy eat world,congratulations,Rock
jimmy eat world,criminal energy,Rock
jimmy eat world,crush,Rock
jimmy eat world,cut,Rock
jimmy eat world,damage,Rock
jimmy eat world,delivery,Rock
jimmy eat world,diamond,Rock
jimmy eat world,disintegration,Rock
jimmy eat world,distraction,Rock
jimmy eat world,dizzy,Rock
ryan adams,gimme something good,Rock
ryan adams,when the stars go blue,Rock
ryan adams,oh my sweet carolina,Rock
ryan adams,fuck the rain,Rock
ryan adams,if i am a stranger,Rock
ryan adams,burning photographs,Rock
ryan adams,baby i love you,Rock
ryan adams,answering bell,Rock
ryan adams,please do not let me go,Rock
ryan adams,lucky now,Rock
ryan adams,in my time of need,Rock
ryan adams,1974,Rock
ryan adams,29,Rock
ryan adams,afraid not scared,Rock
ryan adams,all you had to do was stay,Rock
ryan adams,am i safe,Rock
ryan adams,amy,Rock
ryan adams,anybody wanna take me home,Rock
ryan adams,avalanche,Rock
ryan adams,bad blood,Rock
ryan adams,bartering lines,Rock
ryan adams,big colors,Rock
ryan adams,blank space,Rock
ryan adams,blue sky blues,Rock
ryan adams,boys,Rock
ryan adams,call me on your way back home,Rock
ryan adams,carolina rain,Rock
ryan adams,chains of love,Rock
ryan adams,clean,Rock
ryan adams,come home,Rock
tori amos,speaking with trees,Rock
tori amos,bouncing off clouds,Rock
tori amos,16 shades of blue,Rock
tori amos,500 miles,Rock
tori amos,abnormally attracted to sin,Rock
tori amos,addition of light divided,Rock
tori amos,almost rosey,Rock
tori amos,amber waves,Rock
tori amos,america,Rock
tori amos,angels,Rock
tori amos,angie,Rock
tori amos,baker baker,Rock
tori amos,bang,Rock
tori amos,barons of suburbia,Rock
tori amos,battle of trees,Rock
tori amos,beauty of speed,Rock
tori amos,big wheel,Rock
tori amos,body and soul,Rock
tori amos,broken arrow,Rock
tori amos,cactus practice,Rock
tori amos,carbon,Rock
tori amos,carry,Rock
tori amos,cars and guitars,Rock
tori amos,china,Rock
tori amos,climb,Rock
tori amos,cloud on my tongue,Rock
tori amos,cloud riders,Rock
tori amos,code red,Rock
tori amos,concertina,Rock
tori amos,cornflake girl,Rock
